path,size_bytes,sha256
.gitattributes,127,81b131821c906ec94ff1fc2ef9b03f7330b792e9f9a90920adf88199509be291
.gitignore,408,1e06effe6ad06cf72db45d3fe73b3a2514034dc967409728b8d73f1e460a33fb
.zenodo.json,2041,08bdea12d98668d1db66561762cff83ca7dee03b61fcf374af521dcd7df03a3f
AUTHORS.md,2846,e561efcfffb65c05a405a2f67028c4ccb1ccc26092c3c08b2a681d85daa1fd73
CITATION.cff,1819,2736cd2540254ae8201547e3e7c84a16002ea4aa5fbc83fa15f96986e818fb95
environment.yml,553,c7e752b1a82fe8d53f9c89dc4acf10095b89f741980f5c41c4ebffa03f5afd50
FIGURE_VISUAL_QA_V4.md,3577,55dcbcba9d0ff6d1f7811847a2cfe627ee5e7e0de4d9cb6027c4adb0caec5495
LICENSE,1068,9f1abe28a25b5f6f95c58a81a647de3fa72ff6388d228c59bddd079255709989
LICENSE_DECISION_RECORD.md,799,5ae6dbb1b9da0e89f659acdf74efec5f8de6fb00b48b3c81076084de092e45b6
outputs/figures_manuscript_v3/figure_manifest.json,9945,2c778282821aec1b4dd1d225877cf36883b37d73b83b52dfd0ee346f2c52df6b
outputs/figures_manuscript_v3/preview/Figure_1_study_design_preview.png,116699,c6575ef17632c484f9abbe95079c409a99ef037ee704f936f95c53f3092583ab
outputs/figures_manuscript_v3/preview/Figure_2_RADC_robustness_preview.png,97806,b4d4194fcd9ddecc22a6a3f062ad150fe2d1511705c9c0cd946e6aacbb841688
outputs/figures_manuscript_v3/preview/Figure_3_SEAAD_region_composition_preview.png,90949,dfbd7505c6b387d2af1be305e15f7537743c7163f100d0779d4d267540595b95
outputs/figures_manuscript_v3/preview/Figure_4_direct_context_contrasts_preview.png,82440,617ea41c51c3dbb3148269cd19e7be16288f3b955ff1e0e5bddff6d6ae59511e
outputs/figures_manuscript_v3/preview/Supplementary_Figure_S1_composition_shift_preview.png,63611,00d169f31239b39d8099214142224808a9fdc8e39a59398e211dc8c8a2e68588
outputs/figures_manuscript_v3/raster/Figure_1_study_design_300dpi_lzw.tiff,700968,96944bb85557b157f9f6bd0a56dd59aebc1df4b829aeb14a0633f4a74ba98cba
outputs/figures_manuscript_v3/raster/Figure_1_study_design_600dpi.png,432837,835ad26fa4ce1741adae2a557e8c7298d3b5b1be78fea53b5fb5df3aa3894d15
outputs/figures_manuscript_v3/raster/Figure_2_RADC_robustness_300dpi_lzw.tiff,548360,2d2e0e9f63a5c9d93b6f98492730c0ed8a7c2b801a8a13e4d6dd9070bfd2d52a
outputs/figures_manuscript_v3/raster/Figure_2_RADC_robustness_600dpi.png,369006,dc80c15ad7c9ebc0ad6bc837d733f98b58947a878a46ef8b8550c9e9dbd3039e
outputs/figures_manuscript_v3/raster/Figure_3_SEAAD_region_composition_300dpi_lzw.tiff,796950,8c61945d5c79581786309009cb76f2a9aeae645fbf2d6f7864d1ae4a1ac32865
outputs/figures_manuscript_v3/raster/Figure_3_SEAAD_region_composition_600dpi.png,350643,45eae425edbeb12684db0b02b09fa89e3b6f229983fd34e1ff891e8ac6299bc8
outputs/figures_manuscript_v3/raster/Figure_4_direct_context_contrasts_300dpi_lzw.tiff,481668,296daebd93faa746570c04a2a6d781a99b9fc1f75129ccd7de3dfa6242d21bdd
outputs/figures_manuscript_v3/raster/Figure_4_direct_context_contrasts_600dpi.png,301282,962576a4ab240203289c8b034558aaa2c90699a862524aa351a02d227802b75e
outputs/figures_manuscript_v3/raster/Supplementary_Figure_S1_composition_shift_300dpi_lzw.tiff,330802,30c5e7702ff9b43cf85e0d0ed847c7b6c647086514369229794eee630f1453c4
outputs/figures_manuscript_v3/raster/Supplementary_Figure_S1_composition_shift_600dpi.png,239193,58504a0ab7e58b0a9fa8aa101f32e40d3b2cee53243ab0f4c12c1342ae1f6add
outputs/figures_manuscript_v3/vector/Figure_1_study_design.pdf,37481,8fab2cfe89910c7bb80a0cac19615fa2f8afaef187a5150e1b1612c0d0796bf8
outputs/figures_manuscript_v3/vector/Figure_1_study_design.svg,20599,92b6b99a49e202a8545bf0fa5755ce9ddbb2d3626fc7b0f6ca94809decb9785a
outputs/figures_manuscript_v3/vector/Figure_2_RADC_robustness.pdf,28839,82ee5ef711fb8fd7a6d747021eca3f37062e5b9200eb7b4a8db11734c5027063
outputs/figures_manuscript_v3/vector/Figure_2_RADC_robustness.svg,36508,a9feca275250cf1754b805d643de67cf9d8b91f99a6233a2379cceb3b5b7a725
outputs/figures_manuscript_v3/vector/Figure_3_SEAAD_region_composition.pdf,27519,4a234c5367b6a026f2e513f20ef67c7d329835e30de585c0488355fb72653e34
outputs/figures_manuscript_v3/vector/Figure_3_SEAAD_region_composition.svg,27805,4d0d9cce71bdea117ccb0e841b46c4096db2dc9e0968ca0071d5e8f943f5f219
outputs/figures_manuscript_v3/vector/Figure_4_direct_context_contrasts.pdf,33004,3363c5fcf0cd163460d50656d5830eccd3c44067d75480422e12e96171ef1620
outputs/figures_manuscript_v3/vector/Figure_4_direct_context_contrasts.svg,39981,ded6b0879411e0084e4db7b707c03358333e080b0ee2d2e587604812d40bf9f5
outputs/figures_manuscript_v3/vector/Supplementary_Figure_S1_composition_shift.pdf,15575,b4f3dc086b172684aa62c7fc49ba37c60369f99b89874ac4001bcad5cef9cc57
outputs/figures_manuscript_v3/vector/Supplementary_Figure_S1_composition_shift.svg,28291,8081e67da82caf5880d51feac8578bac31e54b6a6ea96e9c4ed497fb1cdb9ffa
outputs/figures_manuscript_v4/figure_manifest.json,7911,ab04eb4aa6a7410a0046c14e89ef39e50950d5b7053accd79b1309d4fc0d7d24
outputs/figures_manuscript_v4/preview/Figure_1_study_design_preview.png,116699,c6575ef17632c484f9abbe95079c409a99ef037ee704f936f95c53f3092583ab
outputs/figures_manuscript_v4/preview/Figure_2_RADC_robustness_preview.png,94710,891eb66a3dc7415dbcf3e6826375e987cbe3023b7191812dcb4fd490eac967d4
outputs/figures_manuscript_v4/preview/Figure_3_SEAAD_region_composition_preview.png,90949,dfbd7505c6b387d2af1be305e15f7537743c7163f100d0779d4d267540595b95
outputs/figures_manuscript_v4/preview/Figure_4_direct_context_contrasts_preview.png,82440,617ea41c51c3dbb3148269cd19e7be16288f3b955ff1e0e5bddff6d6ae59511e
outputs/figures_manuscript_v4/preview/Supplementary_Figure_S1_composition_shift_preview.png,63611,00d169f31239b39d8099214142224808a9fdc8e39a59398e211dc8c8a2e68588
outputs/figures_manuscript_v4/raster/Figure_1_study_design_300dpi_lzw.tiff,568330,7f0f3495b8264c420c7ddaf254748d8df70538edf9a904d44613bb5644400e3a
outputs/figures_manuscript_v4/raster/Figure_1_study_design_600dpi.png,432837,835ad26fa4ce1741adae2a557e8c7298d3b5b1be78fea53b5fb5df3aa3894d15
outputs/figures_manuscript_v4/raster/Figure_2_RADC_robustness_300dpi_lzw.tiff,506154,a02da6cb3b69485532231093643263b993d48b296d251feb567c02930b377ec2
outputs/figures_manuscript_v4/raster/Figure_2_RADC_robustness_600dpi.png,359944,9312ce4821bbce23e44d798f4fcfa772f6a60d9b4f50259cbd956581ee0d33cc
outputs/figures_manuscript_v4/raster/Figure_3_SEAAD_region_composition_300dpi_lzw.tiff,596922,bf2229d85f65a70c2d7dd190f207fc263be84129d7316e6c921829e2992d82b8
outputs/figures_manuscript_v4/raster/Figure_3_SEAAD_region_composition_600dpi.png,350643,45eae425edbeb12684db0b02b09fa89e3b6f229983fd34e1ff891e8ac6299bc8
outputs/figures_manuscript_v4/raster/Figure_4_direct_context_contrasts_300dpi_lzw.tiff,390870,77a1bbe14a187fbd3ba7a1aabaa3b0d2822703903dc8f7d944bc2c93348c430e
outputs/figures_manuscript_v4/raster/Figure_4_direct_context_contrasts_600dpi.png,301282,962576a4ab240203289c8b034558aaa2c90699a862524aa351a02d227802b75e
outputs/figures_manuscript_v4/raster/Supplementary_Figure_S1_composition_shift_300dpi_lzw.tiff,267324,6a25cd28260f15998878fe85a620ecc9537941af830d766d649b36fcfea2ff2c
outputs/figures_manuscript_v4/raster/Supplementary_Figure_S1_composition_shift_600dpi.png,239193,58504a0ab7e58b0a9fa8aa101f32e40d3b2cee53243ab0f4c12c1342ae1f6add
outputs/figures_manuscript_v4/vector/Figure_1_study_design.pdf,37481,42a9b72c3e9b4861603d57caf36699bd9ac06b4761381dadb5efb25edcec83bf
outputs/figures_manuscript_v4/vector/Figure_1_study_design.svg,20599,84761c41aa10fbd935bc41108f9ac7dd58ea99fb04338026f385fb2f8b56c915
outputs/figures_manuscript_v4/vector/Figure_2_RADC_robustness.pdf,28719,54689ae1ce40a1db5ac5b160cbfc968a2449ff1820d3d67482610fb39f509f8f
outputs/figures_manuscript_v4/vector/Figure_2_RADC_robustness.svg,35674,6ab3f410a52d63e500b30d2ecfb01b45a4935d751ad3e60ef9eb6207ce511516
outputs/figures_manuscript_v4/vector/Figure_3_SEAAD_region_composition.pdf,27519,e7952549206409add5365750243620a0c01b48676cabc457ac0e0a37ba835cc4
outputs/figures_manuscript_v4/vector/Figure_3_SEAAD_region_composition.svg,27805,c60f76abb96d7288d1c52715acfd8360f3f95a7fe79523be413c987c16dcac58
outputs/figures_manuscript_v4/vector/Figure_4_direct_context_contrasts.pdf,33004,1e27e3a53190bc4205e4210b5ea96338203733f584e6c3f438b48864448f39a4
outputs/figures_manuscript_v4/vector/Figure_4_direct_context_contrasts.svg,39981,548c5edfb13a7875adda7aab799c1069fd804c5eb94709015af5f4313d0fb3fe
outputs/figures_manuscript_v4/vector/Supplementary_Figure_S1_composition_shift.pdf,15575,6eb0edb07f97f894a7392b16c9203009f0d266d0ea9daa63abdeaa42193ba467
outputs/figures_manuscript_v4/vector/Supplementary_Figure_S1_composition_shift.svg,28291,d0c3679de17e5cca488c178ce4601ada24c1b21262397955d5515f67b50a1649
outputs/phase4/mssm_direction_coupling/anchor_direction_probabilities.csv.gz,80645,b262cd408058cccb821960afc0d8c40c0862ea77e8a2b050cb394659d1e41a81
outputs/phase4/radc_stage_coupling_quality_weights/Braak/coupling/anchor_direction_probabilities.csv.gz,16107,922f65fb8e00fb0d854791c79093d123c09b1d8647e5c4d4f864f73a071b238a
outputs/phase4/radc_stage_coupling_quality_weights/Braak/coupling/direction_coupling_group_results.csv,2133,1ecf87b85168e4230d7af4b57468bfb5add3797e7f6e9f5e4b4cb11f3cb1f657
outputs/phase4/radc_stage_coupling_quality_weights/CERAD/coupling/anchor_direction_probabilities.csv.gz,16075,e0cce006e7123dc9799385c0c25c3f6d53c08e8e276f07b89f17bf62cd833e92
outputs/phase4/radc_stage_coupling_quality_weights/CERAD/coupling/direction_coupling_group_results.csv,2136,bedfb4c3c509fbcb5c3110dc56cf7ddc4dc55432f666d79354f62fb54de67497
outputs/phase4/radc_stage_coupling_standard_voom/Braak/coupling/anchor_direction_probabilities.csv.gz,16147,236d8e8ce74434f778421b4145de593316abb4f027c3c5cc0804c3b30cd193b5
outputs/phase4/radc_stage_coupling_standard_voom/Braak/coupling/direction_coupling_group_results.csv,2121,4e0d4c67c376c47ca6236a71814e7d327f90edc8b74738b0ac2ac81b79ed8175
outputs/phase4/radc_stage_coupling_standard_voom/Braak/input/radc_Braak_G1_G2_anchor_pathology_effects.csv,61286,a56387367f487422f7c79bab6b23b2a69b7c4d3d25b1becc7122e61a2d548e8c
outputs/phase4/radc_stage_coupling_standard_voom/CERAD/coupling/anchor_direction_probabilities.csv.gz,16150,e43485931960df23bce28f00173d83a248fe9eb8d9e0777b40a000c2c3ad611e
outputs/phase4/radc_stage_coupling_standard_voom/CERAD/coupling/direction_coupling_group_results.csv,2127,df69c1925d099fee25a2ed038ed715b699ce4926bf53822417b47fd8d108d1a1
outputs/phase4/radc_stage_coupling_standard_voom/CERAD/input/radc_CERAD_G1_G2_anchor_pathology_effects.csv,61298,e32ec56768b6ea0b254426cabd3f0acbc7aef4f381c6470fae410685130fd8a4
outputs/phase5/seaad_en_core3/Braak/coupling/anchor_direction_probabilities.csv.gz,4943,f16106a1a1c5f8e72ddf388f268f456df2079641d11457a1a18ab62e6b2c38bc
outputs/phase5/seaad_en_core3/Braak/input/seaad_Braak_EN_G1_G2_anchor_pathology_effects.csv,16226,b6173cfb1a8f387e7261f01ffe56cd6f9a0fa03651ba39f2819879c6baeb8355
outputs/phase5/seaad_en_core3/CERAD/coupling/anchor_direction_probabilities.csv.gz,4913,a82c3de904dec001f7ff6d760a3d2e538e7686315b12218fbed37597c7cca6f0
outputs/phase5/seaad_en_core3/CERAD/input/seaad_CERAD_EN_G1_G2_anchor_pathology_effects.csv,16223,df06dd4d11e7a71c5d6242fe7af9cfd77e7d2a10ad94bc8899ee5d95a3298d55
outputs/phase5/seaad_immune_core3/Braak/coupling/anchor_direction_probabilities.csv.gz,6293,c8a13412c13a859e5202f645e0c06bb9040250a5dc01f700cf20745f8b229f7a
outputs/phase5/seaad_immune_core3/Braak/input/seaad_Braak_Immune_G1_G2_anchor_pathology_effects.csv,22158,51da260d16c3f582a2e28c5317c77609a522b59bee48fb98d6dc00b4b8963dc2
outputs/phase5/seaad_immune_core3/CERAD/coupling/anchor_direction_probabilities.csv.gz,6333,d962738db298e2a6fa1e3d354d75496dd1e53faadab42d39d0ac647a4e1922fc
outputs/phase5/seaad_immune_core3/CERAD/input/seaad_CERAD_Immune_G1_G2_anchor_pathology_effects.csv,22157,6f9171dad57c43feef381f9e51a0bb9f76ae0651925fea2d534946a6c559aa6e
outputs/phase5/seaad_oligo_core3/Braak/coupling/anchor_direction_probabilities.csv.gz,3047,6608d16cd0c72d4c8b755f7c7cfb758594fbf420507a563d2648fa109d46c9de
outputs/phase5/seaad_oligo_core3/Braak/input/seaad_Braak_Oligo_G1_G2_anchor_pathology_effects.csv,8554,df661b017398d9e857dfaadb47d007e4ca7e8f4a16637283dbf4733858b47ea7
outputs/phase5/seaad_oligo_core3/CERAD/coupling/anchor_direction_probabilities.csv.gz,3065,79cc8d5e2bf88838ea51e85ad9cd92ee4f81c48f69746bdb9dc41803e4b0d570
outputs/phase5/seaad_oligo_core3/CERAD/input/seaad_CERAD_Oligo_G1_G2_anchor_pathology_effects.csv,8554,4288b1879ac356466de65690be1428a8fa7bf27bacee59e3ac96941a99702346
outputs/phase6/presubmission_statistics_v1/FIRST_BATCH_QA.md,2693,c98c17bf06301cc6158e1139fd9fcedd498c50229c34875ded1c1a58e36a838d
outputs/phase6/presubmission_statistics_v1/locus_bootstrap_intervals.csv,7765,52e66826730d33f6119a4cc69208514e795971b5f701a2b0c5644c1e5a056766
outputs/phase6/presubmission_statistics_v1/PRESUBMISSION_EXECUTION_FREEZE_2026-07-31.md,1810,4d30b9dfebf873259a2c39f937ef024ad21d208e22351e00bd200251def4a1bb
outputs/phase6/presubmission_statistics_v1/PRESUBMISSION_STATISTICAL_REPORT.md,2638,da702144266c21fe36c6a09eefd7d94d8137b428a48ab48acbd45b02162c6e17
outputs/phase6/presubmission_statistics_v1/radc_primary_multiplicity.csv,334,23b9d12c479069cecd82969f16853a8791db0ce7f8060071e6a41938aba79934
outputs/phase6/presubmission_statistics_v1/radc_seaad_common_locus_components.csv,6949,67b7b994243bc5ad953c18f7eb1e6bcd830ef774fc2695837cd824b2cd8aaf04
outputs/phase6/presubmission_statistics_v1/radc_seaad_direct_common_locus_contrasts.csv,1516,dd6ab6baf0804e2f9c2b0ac4b1c4d6f394769918fa7fc37f23b4a6fa0731a349
outputs/phase6/presubmission_statistics_v1/run_manifest.json,7892,3a3af5c998377f2eb470cfee1fb2604814a7ffb2f59bb1795d98c0b128a42088
outputs/phase6/presubmission_synthesis_v2/PRESUBMISSION_SYNTHESIS_V2_REPORT.md,3844,2507c24600ea9772ad5057f351f207f89ff70188f5084281e0502cb169c47910
outputs/phase6/presubmission_synthesis_v2/radc_continuous_sensitivities.csv,2772,76758061fa471be2fb5d05c11ed7ce3ac2b286782b47e4ec0cfc46248a609054
outputs/phase6/presubmission_synthesis_v2/radc_hc3_sensitivity.csv,275,9dbc4706c70d1ac0dabdbcbcc81d5d662b7e52457414deb8b8cf711ee5ec011f
outputs/phase6/presubmission_synthesis_v2/radc_seaad_dfc_direct_contrasts.csv,1406,81f7eef14b6b521a1dcf5809bfc03661eb9a41b0c1526d247df916beac77a72f
outputs/phase6/presubmission_synthesis_v2/radc_seaad_dfc_locus_components.csv,6963,571e922e8e4bddac959981e19770fe631fb686c7cf71c52a0c8ec2ea3be98a34
outputs/phase6/presubmission_synthesis_v2/radc_stage_contrasts.csv,886,e4c09ea4a3f4b5819c5646542cb67db8182edf94ab39b94e216f3ae87b202571
outputs/phase6/presubmission_synthesis_v2/run_manifest.json,14875,d4e91d4ca33b8538ae3225d27712bbbedd2f816d9989feb3a3538080b868503d
outputs/phase6/radc_presubmission_sensitivities/exclude_age89plus/Braak/coupling/anchor_direction_probabilities.csv.gz,16196,cb720d24ae3066adc44dc5241a581066c78f4ea2aa42832b988b1985c57a753d
outputs/phase6/radc_presubmission_sensitivities/exclude_age89plus/Braak/coupling/direction_coupling_group_results.csv,2134,e7eb8500c6d062765e9768a0286b3cbdb7a50827e8488f331052cf2ff81cb849
outputs/phase6/radc_presubmission_sensitivities/exclude_age89plus/CERAD/coupling/anchor_direction_probabilities.csv.gz,16273,4a68a5326f389baa0b350870e11b0dee05dcba9baf5235c00d488d180065bfe9
outputs/phase6/radc_presubmission_sensitivities/exclude_age89plus/CERAD/coupling/direction_coupling_group_results.csv,2127,cadfca9c800d1894ac38be17621e85ab0fd87a68aa00cdf4aebbc93be55e85ac
outputs/phase6/radc_presubmission_sensitivities/hc3/Braak/coupling/anchor_direction_probabilities.csv.gz,17765,83f2bc377aba71a9bcd499a948edf1c6a7ddb43681a4d872c5313f3b0a58297c
outputs/phase6/radc_presubmission_sensitivities/hc3/Braak/coupling/direction_coupling_group_results.csv,2279,971f7ce3df70d372274f0ae7257555be54d40c50f81834d57c350eabc4ad5706
outputs/phase6/radc_presubmission_sensitivities/hc3/CERAD/coupling/anchor_direction_probabilities.csv.gz,17831,9c041354b8317f8e97e748657245adcc027bb27163f4ee39c10fbea0a38df996
outputs/phase6/radc_presubmission_sensitivities/hc3/CERAD/coupling/direction_coupling_group_results.csv,2277,6f9b63d4c10bd7bcddccbcc1e02bb7acb34b56149d1bda27e095fce49fd5e9eb
outputs/phase6/radc_presubmission_sensitivities/min_cells_50/Braak/coupling/anchor_direction_probabilities.csv.gz,16208,fdb26325ae03f16e2842642bca7670f73cc72ad63eb53298ce90bd203e2a742b
outputs/phase6/radc_presubmission_sensitivities/min_cells_50/Braak/coupling/direction_coupling_group_results.csv,2133,2077775c72a2efafb174845cc0757b70c04a3e72b2acd1a2655687b0a81c05ea
outputs/phase6/radc_presubmission_sensitivities/min_cells_50/CERAD/coupling/anchor_direction_probabilities.csv.gz,16188,0aaa1c182b74689cd64ff6b943b7a81e7d5f3e66df96fb1a4a7258a4c41c7225
outputs/phase6/radc_presubmission_sensitivities/min_cells_50/CERAD/coupling/direction_coupling_group_results.csv,2122,5b686a40bbad04aeb62541043ad4ed1269982158876d1323ac04bd218e650444
outputs/phase6/radc_presubmission_sensitivities/omit_log_ncells/Braak/coupling/anchor_direction_probabilities.csv.gz,16169,acb01b37842b04030a4d13a414d5ea55ac9ca78773bd261231311ee47ac8f54e
outputs/phase6/radc_presubmission_sensitivities/omit_log_ncells/Braak/coupling/direction_coupling_group_results.csv,2129,bed38b3591fbdaec3100d39598b84fbf55b747dc047a9da965575ccc932a862f
outputs/phase6/radc_presubmission_sensitivities/omit_log_ncells/CERAD/coupling/anchor_direction_probabilities.csv.gz,16160,b071befd530dcff0113bdef315418eed43af1680fe64601a48bdb0f1f39ad176
outputs/phase6/radc_presubmission_sensitivities/omit_log_ncells/CERAD/coupling/direction_coupling_group_results.csv,2135,79b489d5beb2a7588f6051a636558d5cb30983a13c072fc6abef56f4e08d0e78
outputs/phase6/radc_presubmission_sensitivities/omit_nonad/Braak/coupling/anchor_direction_probabilities.csv.gz,16214,c47271f04defe33a09db2dc80e9dfe5bd53602c3c7b3d1cde49ed8a45d9cc886
outputs/phase6/radc_presubmission_sensitivities/omit_nonad/Braak/coupling/direction_coupling_group_results.csv,2121,37ba86394cf042514a62110cc0ecfae455bf70ccd9d799fd49d0a7e0ad018731
outputs/phase6/radc_presubmission_sensitivities/omit_nonad/CERAD/coupling/anchor_direction_probabilities.csv.gz,16202,cbfee5ccabad6d9a803e80da1d2ca8fa8bfa3ea939eb936714b80e42aa0aa206
outputs/phase6/radc_presubmission_sensitivities/omit_nonad/CERAD/coupling/direction_coupling_group_results.csv,2128,388dad73ac02a52bc9b07ba214cdfcf0e51cf52031514b353320b0c51ad96182
outputs/phase6/radc_presubmission_sensitivities/stage_contrasts/Braak/high_vs_low/coupling/anchor_direction_probabilities.csv.gz,16046,f8e7110b32d51760fad91caa4dbcb8fac3a936267898e28afc3ce8e034d21f51
outputs/phase6/radc_presubmission_sensitivities/stage_contrasts/Braak/high_vs_low/coupling/direction_coupling_group_results.csv,2116,64f6efb3db4f4216329284fb93530e87877ee2eb04bb760dadfa71d5d78234e9
outputs/phase6/radc_presubmission_sensitivities/stage_contrasts/Braak/middle_vs_low/coupling/anchor_direction_probabilities.csv.gz,16156,416549addad43b0bf4b51bb02d6f7a519825d1279b168ba50060f7e7b2311634
outputs/phase6/radc_presubmission_sensitivities/stage_contrasts/Braak/middle_vs_low/coupling/direction_coupling_group_results.csv,2129,d831f12355828f31a86aa61104d3727ca8c37a2e188df750e08bc086792ab2d0
outputs/phase6/radc_presubmission_sensitivities/stage_contrasts/CERAD/high_vs_low/coupling/anchor_direction_probabilities.csv.gz,16132,2537eea36a9999d197c781da512882179fe26137498bbf9ebfd726fe45f7ca7d
outputs/phase6/radc_presubmission_sensitivities/stage_contrasts/CERAD/high_vs_low/coupling/direction_coupling_group_results.csv,2125,a369ae77b2783ce2b58e4fe50c41d98ec606eddc6ecf4a297039d9e971d671d1
outputs/phase6/radc_presubmission_sensitivities/stage_contrasts/CERAD/middle_vs_low/coupling/anchor_direction_probabilities.csv.gz,16277,f70e55b4838d1a1035d4e185e491586e2c96ee5310fe279f66ccaee11d78b56f
outputs/phase6/radc_presubmission_sensitivities/stage_contrasts/CERAD/middle_vs_low/coupling/direction_coupling_group_results.csv,2147,c6774cbed4f628d4bc546e1d93230c2b1263626bef93afbfd161790c43d50d2a
outputs/phase6/seaad_region_sensitivity_v2/EN/coupling/DFC_composition/Braak/coupling/anchor_direction_probabilities.csv.gz,4931,f27cc08f1db663b938e8d351e2751a54e4ad0de51a029607527f5eeb7fb0b484
outputs/phase6/seaad_region_sensitivity_v2/EN/coupling/DFC_composition/Braak/coupling/direction_coupling_group_results.csv,1086,22c04b9dd82c1d9148bab70646f7e8e5013aea4ddb40eb5b3b03253f8ef0c42b
outputs/phase6/seaad_region_sensitivity_v2/EN/coupling/DFC_composition/CERAD/coupling/anchor_direction_probabilities.csv.gz,4923,9c2cfb75da74b1b274547add44f40067426dcc365f77ef016896c6ecd2a6edeb
outputs/phase6/seaad_region_sensitivity_v2/EN/coupling/DFC_composition/CERAD/coupling/direction_coupling_group_results.csv,1085,a43f9cb384e789adf79a833c09a48e80272e1aadc4da6c910936c980bc9bc671
outputs/phase6/seaad_region_sensitivity_v2/EN/coupling/DFC_standard/Braak/coupling/anchor_direction_probabilities.csv.gz,4964,f78163677acad41a4b65aa135214dbf934193e35e5842eaa9a30f234edf48e42
outputs/phase6/seaad_region_sensitivity_v2/EN/coupling/DFC_standard/Braak/coupling/direction_coupling_group_results.csv,1092,4db0f1cc82fc8fddf4710d289f795b389ad7f19a3c2c9e2594e7ace9e89f7cb8
outputs/phase6/seaad_region_sensitivity_v2/EN/coupling/DFC_standard/Braak/input/seaad_Braak_EN_G1_G2_anchor_pathology_effects.csv,16223,c76e62d7153d39df6ffff576d7bd6d30504606737cd2522b9f72f9dd9b6bc9aa
outputs/phase6/seaad_region_sensitivity_v2/EN/coupling/DFC_standard/CERAD/coupling/anchor_direction_probabilities.csv.gz,4893,51b2e30a83115005473ec9750b56708445ad8fbf7ef99a4840417df3958770dd
outputs/phase6/seaad_region_sensitivity_v2/EN/coupling/DFC_standard/CERAD/coupling/direction_coupling_group_results.csv,1083,3eb7ac42e0f910d5d926e6472f64193aa1f0fb8f11fc07facec067b56828b07e
outputs/phase6/seaad_region_sensitivity_v2/EN/coupling/DFC_standard/CERAD/input/seaad_CERAD_EN_G1_G2_anchor_pathology_effects.csv,16224,33b6b8f2f4275fe6babb209705df3a0b48b759a19de88f46b48a433cd4fc9ec5
outputs/phase6/seaad_region_sensitivity_v2/EN/coupling/MEC_composition/Braak/coupling/anchor_direction_probabilities.csv.gz,4915,b101b276df6f649445b0b219f3b4b9c6ba67bebdf0f6480e9742b109e91f2ead
outputs/phase6/seaad_region_sensitivity_v2/EN/coupling/MEC_composition/Braak/coupling/direction_coupling_group_results.csv,1086,0cbc30021082af36fdbfefe64e1a83caf320f6f1b2d8cb59140cb1939fb9c256
outputs/phase6/seaad_region_sensitivity_v2/EN/coupling/MEC_composition/CERAD/coupling/anchor_direction_probabilities.csv.gz,4890,f4f86f36aa339b1d3a04aff1acc7c3e683d65f0e183bf381937752f5fb85c26e
outputs/phase6/seaad_region_sensitivity_v2/EN/coupling/MEC_composition/CERAD/coupling/direction_coupling_group_results.csv,1088,f935b01f74f589be317be9c9f94a83752f9b0f347ed6b0ea07d23ff9258535bb
outputs/phase6/seaad_region_sensitivity_v2/EN/coupling/MEC_standard/Braak/coupling/anchor_direction_probabilities.csv.gz,4915,6ec3c23c2b438bb236c2539747bbc5856cae321e3ab77b69bdc94e67adc049f0
outputs/phase6/seaad_region_sensitivity_v2/EN/coupling/MEC_standard/Braak/coupling/direction_coupling_group_results.csv,1085,6d7adad0f995dac25673d4e4fc06d8a4f64913e390ded0584223eeae42fde599
outputs/phase6/seaad_region_sensitivity_v2/EN/coupling/MEC_standard/CERAD/coupling/anchor_direction_probabilities.csv.gz,4893,cad7ee027a852f9b87b99bebbd5d7b4c82fa39a0df25a0b73fe392ad2c64a1d3
outputs/phase6/seaad_region_sensitivity_v2/EN/coupling/MEC_standard/CERAD/coupling/direction_coupling_group_results.csv,1067,309eeda7a1378fb47c9d09bd7d574a1c6412dc345fc765b228325d1aeb698907
outputs/phase6/seaad_region_sensitivity_v2/EN/coupling/MTG_composition/Braak/coupling/anchor_direction_probabilities.csv.gz,4946,695a367feab0fb44d641b09ca5dd76044a7510e5040df0e9426829d7b5fc39fe
outputs/phase6/seaad_region_sensitivity_v2/EN/coupling/MTG_composition/Braak/coupling/direction_coupling_group_results.csv,1098,c1c313784eacd627e01bc66e361a459a774f06d0da92f11016776e6cf518a7e4
outputs/phase6/seaad_region_sensitivity_v2/EN/coupling/MTG_composition/CERAD/coupling/anchor_direction_probabilities.csv.gz,4960,9be25610966ebccc4b640d651f7a27e6ce7b0e8ba72b05cf4ed009b7427bc126
outputs/phase6/seaad_region_sensitivity_v2/EN/coupling/MTG_composition/CERAD/coupling/direction_coupling_group_results.csv,1094,8d92fcb3cff2df4adcde7caa765f14792d7e9ad874109a6418f71e6effa89999
outputs/phase6/seaad_region_sensitivity_v2/EN/coupling/MTG_standard/Braak/coupling/anchor_direction_probabilities.csv.gz,4866,079b671891fc75ffa6016a527a6292c6c437e122b8117027193be0abe34eb16a
outputs/phase6/seaad_region_sensitivity_v2/EN/coupling/MTG_standard/Braak/coupling/direction_coupling_group_results.csv,1089,c371d592d3e9bf278147bd9d1d156e16d9845193b49f4e01ee6b9d3779eb6d51
outputs/phase6/seaad_region_sensitivity_v2/EN/coupling/MTG_standard/CERAD/coupling/anchor_direction_probabilities.csv.gz,4852,0a1f6379397c579d81f09134aba03c4aab4353dc6be6f5a85dc09194af493581
outputs/phase6/seaad_region_sensitivity_v2/EN/coupling/MTG_standard/CERAD/coupling/direction_coupling_group_results.csv,1073,fbfa7dc104ae357710b470e3685f124ceb01af15c54d697fbd93a69a7f7f92bd
outputs/phase6/seaad_region_sensitivity_v2/EN/coupling/repeated_standard/Braak/coupling/anchor_direction_probabilities.csv.gz,4870,d35e8ac966f2a0172252168261d2c1890a9e2283662042a77441e8416caea316
outputs/phase6/seaad_region_sensitivity_v2/EN/coupling/repeated_standard/Braak/coupling/direction_coupling_group_results.csv,1085,4d5760d39e8889c1df1f1e4578d5e7633f9fbc49770743c164ed09db8c863b00
outputs/phase6/seaad_region_sensitivity_v2/EN/coupling/repeated_standard/CERAD/coupling/anchor_direction_probabilities.csv.gz,4841,244f2a5739bbe00c7850fac4cb4e2f2dea44d025023d5664cfa9077f95cc512a
outputs/phase6/seaad_region_sensitivity_v2/EN/coupling/repeated_standard/CERAD/coupling/direction_coupling_group_results.csv,1083,30851930ef64b7bebdecd114d7692db221606463e7e3548709815d204ccaf3b3
outputs/phase6/seaad_region_sensitivity_v2/EN/models_DFC_composition/model_manifest.csv,1144,622d06112fbcdda7f44379a6fd168acc7763621c136fadfc5dfdda79b6723c24
outputs/phase6/seaad_region_sensitivity_v2/EN/models_DFC_standard/model_manifest.csv,913,1ec637fbe2b1d9841960ca45b46546450a737d64d776e4ecaea4d48a74b6367b
outputs/phase6/seaad_region_sensitivity_v2/EN/models_MEC_composition/model_manifest.csv,1147,d2e8f3425da49b11a49282a3d23186cf7ddc951e1d836e9fcb39dddc64ca0406
outputs/phase6/seaad_region_sensitivity_v2/EN/models_MEC_standard/model_manifest.csv,915,31a1b75aba0af3d6ecbf20835f0486c61f1985bc34486d37930091a4b5f09546
outputs/phase6/seaad_region_sensitivity_v2/EN/models_MTG_composition/model_manifest.csv,1144,91f595df1a7706f7dc006011be9582ff89309aa95c0411a7d2c328f8369d68a8
outputs/phase6/seaad_region_sensitivity_v2/EN/models_MTG_standard/model_manifest.csv,917,2a59d9d359506734f1dc7f5ce177a870ceccade9207b8ef245d5166734aa984d
outputs/phase6/seaad_region_sensitivity_v2/EN/models_repeated_standard/model_manifest.csv,1168,5574cc0b4548b445e408abc1d40e74d3fecbd010bec50673033aeb3e6cbe93e9
outputs/phase6/seaad_region_sensitivity_v2/Immune/coupling/DFC_composition/Braak/coupling/anchor_direction_probabilities.csv.gz,6308,098ade0f51488134430ff26c7d4fa136f6f99e0b21caa9d9022f40f05bcaf734
outputs/phase6/seaad_region_sensitivity_v2/Immune/coupling/DFC_composition/Braak/coupling/direction_coupling_group_results.csv,1071,8b7506969c07201db829430cc638a1154003ade08b329fdd3246c49dd09aed91
outputs/phase6/seaad_region_sensitivity_v2/Immune/coupling/DFC_composition/CERAD/coupling/anchor_direction_probabilities.csv.gz,6305,1d2ae11f6ee44f5277c6e4061a485ea23844c87f7227e78c6d7d34d9cfc5437e
outputs/phase6/seaad_region_sensitivity_v2/Immune/coupling/DFC_composition/CERAD/coupling/direction_coupling_group_results.csv,1069,7dfe205a568f34748389e41540d42783bf4d1f2ea0a2083f6ac741845de46090
outputs/phase6/seaad_region_sensitivity_v2/Immune/coupling/DFC_standard/Braak/coupling/anchor_direction_probabilities.csv.gz,6354,7effa66927cfac85b1b03284b0d3138e90bae9ba2ead0159b0474606ce103623
outputs/phase6/seaad_region_sensitivity_v2/Immune/coupling/DFC_standard/Braak/coupling/direction_coupling_group_results.csv,1061,6a91c2dac08c1314f57d2a2e2f4e8c43fd510659f247cfacae6b942d6cae3260
outputs/phase6/seaad_region_sensitivity_v2/Immune/coupling/DFC_standard/Braak/input/seaad_Braak_Immune_G1_G2_anchor_pathology_effects.csv,22159,0d57b1d304895c24204ef421b529669997ec5da87358687c76865381e71203f8
outputs/phase6/seaad_region_sensitivity_v2/Immune/coupling/DFC_standard/CERAD/coupling/anchor_direction_probabilities.csv.gz,6341,ddbcf6781e350ed03d9c751d82c7fd6ddabeb6446f2c88c6f1f515b1853e5f89
outputs/phase6/seaad_region_sensitivity_v2/Immune/coupling/DFC_standard/CERAD/coupling/direction_coupling_group_results.csv,1075,9b1fa6bded8a124caa1e18a2b2fc593383891a9641f632953bee2f0026f5d2e3
outputs/phase6/seaad_region_sensitivity_v2/Immune/coupling/DFC_standard/CERAD/input/seaad_CERAD_Immune_G1_G2_anchor_pathology_effects.csv,22157,db831dcaddf7419affc3c8255c9c58fcb797e56fda5bbc31b1492476af80710c
outputs/phase6/seaad_region_sensitivity_v2/Immune/coupling/MEC_composition/Braak/coupling/anchor_direction_probabilities.csv.gz,6282,011611f327fc11813ac332413e1a91174169802ac8626f351b8d4a02f798e9d8
outputs/phase6/seaad_region_sensitivity_v2/Immune/coupling/MEC_composition/Braak/coupling/direction_coupling_group_results.csv,1083,73a4ecba284d99de6ef006c50e218c5f3a75a2fc306666df1ff456fc24550aaf
outputs/phase6/seaad_region_sensitivity_v2/Immune/coupling/MEC_composition/CERAD/coupling/anchor_direction_probabilities.csv.gz,6311,33ea8f3c14df6e19584d819ca57c46b6749f06ef7ff91742c67c9d0901356d43
outputs/phase6/seaad_region_sensitivity_v2/Immune/coupling/MEC_composition/CERAD/coupling/direction_coupling_group_results.csv,1098,f82c699eb6dc70ae4d123223df8cfeb3c252646e90181cce482634277397a3a0
outputs/phase6/seaad_region_sensitivity_v2/Immune/coupling/MEC_standard/Braak/coupling/anchor_direction_probabilities.csv.gz,6290,1686e2e5bd194988a211647ac9203bf6bdfdb174d8db2775ebb0dba0f46f2e97
outputs/phase6/seaad_region_sensitivity_v2/Immune/coupling/MEC_standard/Braak/coupling/direction_coupling_group_results.csv,1098,1bdc73119a37bd31f281c1943bd5af2e17e23639b2e74a0c17fe2a02cbb93957
outputs/phase6/seaad_region_sensitivity_v2/Immune/coupling/MEC_standard/CERAD/coupling/anchor_direction_probabilities.csv.gz,6377,7e583631f26517276273d6f61011bc429161cdff4ac5350820044a920a262b3f
outputs/phase6/seaad_region_sensitivity_v2/Immune/coupling/MEC_standard/CERAD/coupling/direction_coupling_group_results.csv,1074,1ab224721231440e72d8c63ff09671c219590e085b614d7a5e1b15615651e065
outputs/phase6/seaad_region_sensitivity_v2/Immune/coupling/MTG_composition/Braak/coupling/anchor_direction_probabilities.csv.gz,6332,1f41e81b5896c2052b7c29878d66429541f99e20b033220b84963a6985872bee
outputs/phase6/seaad_region_sensitivity_v2/Immune/coupling/MTG_composition/Braak/coupling/direction_coupling_group_results.csv,1068,791bdf8daa30e3bc98641597a5419ce75ce5d03b2b41b869f9e20a9396862a4d
outputs/phase6/seaad_region_sensitivity_v2/Immune/coupling/MTG_composition/CERAD/coupling/anchor_direction_probabilities.csv.gz,6343,a696c11d978a7d78925ea81be24cda9650615b21bf4abbdd8301ef6dcbaf93c1
outputs/phase6/seaad_region_sensitivity_v2/Immune/coupling/MTG_composition/CERAD/coupling/direction_coupling_group_results.csv,1077,590476ba14bb218f877fa78ad2dfdd238e54b2ff73538910357d322c6210d502
outputs/phase6/seaad_region_sensitivity_v2/Immune/coupling/MTG_standard/Braak/coupling/anchor_direction_probabilities.csv.gz,6281,465d8be13af1f7bac6d49a2af8c4202ca44c1eaa414f9abbd2bd5cbde1cc70b9
outputs/phase6/seaad_region_sensitivity_v2/Immune/coupling/MTG_standard/Braak/coupling/direction_coupling_group_results.csv,1075,2234ef9b461d6c80580b405074220155b6daebf6e916e21aadd0d6f92346f4d7
outputs/phase6/seaad_region_sensitivity_v2/Immune/coupling/MTG_standard/CERAD/coupling/anchor_direction_probabilities.csv.gz,6316,6a4981acdb92455deaea0ef9c605c08a1774169b08383dc2aa95e60463939197
outputs/phase6/seaad_region_sensitivity_v2/Immune/coupling/MTG_standard/CERAD/coupling/direction_coupling_group_results.csv,1083,8faa7dd635de799cadba24390d859193caa987b7ba7c46b4bcf7ab5595ae9b7e
outputs/phase6/seaad_region_sensitivity_v2/Immune/coupling/repeated_standard/Braak/coupling/anchor_direction_probabilities.csv.gz,6243,d64cbcb0b8872eaec086f26dfa1ce9714fa4703fc161e91dc18e93a780cbb769
outputs/phase6/seaad_region_sensitivity_v2/Immune/coupling/repeated_standard/Braak/coupling/direction_coupling_group_results.csv,1076,7d162354acd944e315701e3c9e83f9824dc7819b99837359e965e3d3880aba7a
outputs/phase6/seaad_region_sensitivity_v2/Immune/coupling/repeated_standard/CERAD/coupling/anchor_direction_probabilities.csv.gz,6228,ef55e727be2f97c8e424dc6de6e059e652114691d76dc2d2b78dfb5adbbae412
outputs/phase6/seaad_region_sensitivity_v2/Immune/coupling/repeated_standard/CERAD/coupling/direction_coupling_group_results.csv,1077,4934bcc84c88d91ac6c74cdca7f635326cb99dfa8b584cd78b9857e3775e3268
outputs/phase6/seaad_region_sensitivity_v2/Immune/models_DFC_composition/model_manifest.csv,1094,69c5f420b01f669d57dbf894f992755481aeb0acba865d8733718fb9ffa72b3d
outputs/phase6/seaad_region_sensitivity_v2/Immune/models_DFC_standard/model_manifest.csv,936,1e87e2cf638b3c29c011622e5c2d89f4bd975c504e4f01739ec9c7448efa9e1c
outputs/phase6/seaad_region_sensitivity_v2/Immune/models_MEC_composition/model_manifest.csv,1094,ad54db71f72fa41c54286268372917af6883f8d7f057b6b455ff1c1c749af44f
outputs/phase6/seaad_region_sensitivity_v2/Immune/models_MEC_standard/model_manifest.csv,938,5d885b18acc580c33c81f832bebf6641a1b8b5da1904b4c9a4a877552572df1a
outputs/phase6/seaad_region_sensitivity_v2/Immune/models_MTG_composition/model_manifest.csv,1171,9a40427a5a5a726fdecfd5fe6bf4b16b0b6a83f169982e8fa99f78e7481cd70a
outputs/phase6/seaad_region_sensitivity_v2/Immune/models_MTG_standard/model_manifest.csv,939,93ff0a4969a3b6c1b9f5861ac4131ef12a09d40bd7f28e7d38450d6c70fa1526
outputs/phase6/seaad_region_sensitivity_v2/Immune/models_repeated_standard/model_manifest.csv,1207,85380b78d2693557a4f750aefe3fd038ed10c89a93c5a09fb96a4e90e7c806a6
outputs/phase6/seaad_region_sensitivity_v2/Oligo/coupling/DFC_composition/Braak/coupling/anchor_direction_probabilities.csv.gz,3066,3f7dbb3ba5c81b4b1bfe9e6a5d3e3f9c5cefbc482d9b40d334c3ca88f1cb86e6
outputs/phase6/seaad_region_sensitivity_v2/Oligo/coupling/DFC_composition/Braak/coupling/direction_coupling_group_results.csv,1077,6c6b674eecd906d8c05433d3ec5b01d47954b94aafde2460aa9bb2b77cfb3938
outputs/phase6/seaad_region_sensitivity_v2/Oligo/coupling/DFC_composition/CERAD/coupling/anchor_direction_probabilities.csv.gz,3046,f326a262e8153cbaf4ece780af636c653b3a1757945dd1d2c4c4c166732de4a0
outputs/phase6/seaad_region_sensitivity_v2/Oligo/coupling/DFC_composition/CERAD/coupling/direction_coupling_group_results.csv,1074,f6c4eb7302dae95bf1e1ae8788b62664845d9e83f98625e8544a71d8c0526aa3
outputs/phase6/seaad_region_sensitivity_v2/Oligo/coupling/DFC_standard/Braak/coupling/anchor_direction_probabilities.csv.gz,3079,cec230b130dcdedf24bacf46e0d70d4618fe6df9f1c18adf4a1da73d50deebdc
outputs/phase6/seaad_region_sensitivity_v2/Oligo/coupling/DFC_standard/Braak/coupling/direction_coupling_group_results.csv,1066,9c0b2a4bfd91efa1bfbf4efd7ad06a0447cd17f34e18d45e05895d5e1435c0f9
outputs/phase6/seaad_region_sensitivity_v2/Oligo/coupling/DFC_standard/Braak/input/seaad_Braak_Oligo_G1_G2_anchor_pathology_effects.csv,8553,a8c7bc4b9aad5865b477f4c471cdb9282a60f6dfa6b876b00e4bd43352a0abcc
outputs/phase6/seaad_region_sensitivity_v2/Oligo/coupling/DFC_standard/CERAD/coupling/anchor_direction_probabilities.csv.gz,3067,1c0a1aae2b3a7dd61144c662908925f4d3eb383c5c1727d1c0eeb6060dff4831
outputs/phase6/seaad_region_sensitivity_v2/Oligo/coupling/DFC_standard/CERAD/coupling/direction_coupling_group_results.csv,1074,d10934d739b27630fa043f152d3fe8ef5fbd5800cec27868614aae00aa5cb3bd
outputs/phase6/seaad_region_sensitivity_v2/Oligo/coupling/DFC_standard/CERAD/input/seaad_CERAD_Oligo_G1_G2_anchor_pathology_effects.csv,8549,248cc8e3be9541f476850bf6fb0104f8e3c9c1dbc4f56f5c61744da6b33d6ef1
outputs/phase6/seaad_region_sensitivity_v2/Oligo/coupling/MEC_composition/Braak/coupling/anchor_direction_probabilities.csv.gz,3057,f15ae77f25c95469840f6abc9f5f81c8ceded72d3ef7ebdbfb2dfef35480dea0
outputs/phase6/seaad_region_sensitivity_v2/Oligo/coupling/MEC_composition/Braak/coupling/direction_coupling_group_results.csv,1070,2ff035b6c2f431f9d012283e374e89be3d53c952b2df6169bb2e81331592c92c
outputs/phase6/seaad_region_sensitivity_v2/Oligo/coupling/MEC_composition/CERAD/coupling/anchor_direction_probabilities.csv.gz,3072,facacd595289e4b355cd4c5984bbf611073d65d60c603822206795a1b4098149
outputs/phase6/seaad_region_sensitivity_v2/Oligo/coupling/MEC_composition/CERAD/coupling/direction_coupling_group_results.csv,1085,1b25daaa94a62b43ed6df6ae8ab5643874ac63d58f40ecb30e2c906455a3205c
outputs/phase6/seaad_region_sensitivity_v2/Oligo/coupling/MEC_standard/Braak/coupling/anchor_direction_probabilities.csv.gz,3042,a02641ea41f9fbc81a2307a6b36b306a5c12d6d55ce923371ac71c1391af117a
outputs/phase6/seaad_region_sensitivity_v2/Oligo/coupling/MEC_standard/Braak/coupling/direction_coupling_group_results.csv,1064,4b7f3b75a188bcad451a44460cc18e5d2c87ca331058eca778d7f699df518f3b
outputs/phase6/seaad_region_sensitivity_v2/Oligo/coupling/MEC_standard/CERAD/coupling/anchor_direction_probabilities.csv.gz,3016,ffc6c5de20ed562d87ef0937e332c556bc6edc86b9ae01a948a93f4c0fa87254
outputs/phase6/seaad_region_sensitivity_v2/Oligo/coupling/MEC_standard/CERAD/coupling/direction_coupling_group_results.csv,1073,7e23c2a78e8600ea9950abea1d2daf74b129dd0b928e2f3b6f50eaacbc9e76f2
outputs/phase6/seaad_region_sensitivity_v2/Oligo/coupling/MTG_composition/Braak/coupling/anchor_direction_probabilities.csv.gz,3021,e094b7a87de0ee80abbd03af318ec632e8f21d4dc87286df46d9cd2f91cee11d
outputs/phase6/seaad_region_sensitivity_v2/Oligo/coupling/MTG_composition/Braak/coupling/direction_coupling_group_results.csv,1085,7a26719cde777d0515e6f8714cb5b123b2f660fbb0d48f57caa8675599888dcb
outputs/phase6/seaad_region_sensitivity_v2/Oligo/coupling/MTG_composition/CERAD/coupling/anchor_direction_probabilities.csv.gz,3024,845b78725cf34ba0994c860548ee4fa885a2fb844c61211342f471735d8f79f7
outputs/phase6/seaad_region_sensitivity_v2/Oligo/coupling/MTG_composition/CERAD/coupling/direction_coupling_group_results.csv,1073,c98e287c5d5da7ff2d41130c789cf219e94c13944653899400a403871b5b7eb2
outputs/phase6/seaad_region_sensitivity_v2/Oligo/coupling/MTG_standard/Braak/coupling/anchor_direction_probabilities.csv.gz,3029,abd0c0e5f8e3c507831eadc98d6845188356fa454d2900405f20f32a7c40dfb5
outputs/phase6/seaad_region_sensitivity_v2/Oligo/coupling/MTG_standard/Braak/coupling/direction_coupling_group_results.csv,1087,63e98072034224b302aaef8a2ced73159627668873dfa78df5376cd33ba57e48
outputs/phase6/seaad_region_sensitivity_v2/Oligo/coupling/MTG_standard/CERAD/coupling/anchor_direction_probabilities.csv.gz,3027,f3e22e4dcfea3b4489567ebbf1f8acb492e63a34672d561c99fe9c17f299f5fc
outputs/phase6/seaad_region_sensitivity_v2/Oligo/coupling/MTG_standard/CERAD/coupling/direction_coupling_group_results.csv,1076,1cea556ef0247316d0da542bde551749e1c77e33a62073985b5ebfac829ced50
outputs/phase6/seaad_region_sensitivity_v2/Oligo/coupling/repeated_standard/Braak/coupling/anchor_direction_probabilities.csv.gz,3016,c71f7f1609ec00955613ae7e8d949ec2c71198350ee8603170f563cf372739af
outputs/phase6/seaad_region_sensitivity_v2/Oligo/coupling/repeated_standard/Braak/coupling/direction_coupling_group_results.csv,1072,8fa92f9bd02b38cf624be3924357b7e8773a3865ff179286d93093800433f0da
outputs/phase6/seaad_region_sensitivity_v2/Oligo/coupling/repeated_standard/CERAD/coupling/anchor_direction_probabilities.csv.gz,3007,5718b225adb2710ccdcef5e717e97ea10021921a2881ebb03cf5bc31404bcf57
outputs/phase6/seaad_region_sensitivity_v2/Oligo/coupling/repeated_standard/CERAD/coupling/direction_coupling_group_results.csv,1067,e59934303e7e203847a503905d43b44bef2c23f118884aa658223cbfcfc0a259
outputs/phase6/seaad_region_sensitivity_v2/Oligo/models_DFC_composition/model_manifest.csv,1162,807bb22122fb9f440f5276166977d94ee40d9978e21ce9a8e62e18f706364cd2
outputs/phase6/seaad_region_sensitivity_v2/Oligo/models_DFC_standard/model_manifest.csv,930,9810cfb22d08fffc393fb415c35dbc77263f9c2def3795feb4bbc8e21cb86387
outputs/phase6/seaad_region_sensitivity_v2/Oligo/models_MEC_composition/model_manifest.csv,1163,bfe4ed31bec9861613612a8dbe46b90b71231e37775b2035000204981d238d6c
outputs/phase6/seaad_region_sensitivity_v2/Oligo/models_MEC_standard/model_manifest.csv,932,da0c2f48b925a5a824762119b866a5e5af61fe765b76a4555384c274c5efbd73
outputs/phase6/seaad_region_sensitivity_v2/Oligo/models_MTG_composition/model_manifest.csv,1161,2c96d2df369056e95fe95518e9bc96daefc90a65b38680e84cf69b9c4b385df1
outputs/phase6/seaad_region_sensitivity_v2/Oligo/models_MTG_standard/model_manifest.csv,930,1f410f9028058c0d73ede88cd65c10a361f5d81dad07d0657ad87a0fc88a7f91
outputs/phase6/seaad_region_sensitivity_v2/Oligo/models_repeated_standard/model_manifest.csv,1197,15c00258fa2d1630479cff658297ee09dccaa2241471b7a4140f2b199086bb12
outputs/phase6/seaad_region_sensitivity_v2/summary/run_manifest.json,33376,e2075a2e4b833d3671abeacaada734ea60462182614cd438ab8ea3361a49538c
outputs/phase6/seaad_region_sensitivity_v2/summary/seaad_fixed_42_results.csv,10038,ed905dea2e7981bf57d68219b45b144e5fdaed1f0f3147f380f1d4aa0fd4c027
outputs/phase6/seaad_region_sensitivity_v2/summary/SEAAD_REGION_V2_REPORT.md,1652,833755456a5dbd8a14dea7a91983a19186f282f0114bab2047a7425364969811
outputs/phase6/seaad_region_sensitivity_v2/summary/seaad_regional_locus_components.csv,33187,f5a734e085a9fdb56ba1b983096707304be811322a44af3fddf9737c94805b49
outputs/phase6/seaad_region_sensitivity_v2/summary/seaad_regional_paired_contrasts.csv,5929,72a0e87e26d6c3d7e67fdacb6f40c6f2d3a9444985f058b51f426068e550eaec
provenance/cellxgene_psychad_public_manifest.tsv,2723,cc9fc2f967079446d0271d8a618449c1950589e27fa1372bff95fb018233f552
provenance/DATA_ACCESS_AND_ATTRIBUTION_AUDIT.md,4802,1da1ca7f440fb0218704653df02212a17bf9ebedc585906151418e8749a1c0ce
provenance/data_resource_manifest.tsv,4882,30d7d9d2a4b402bc3cf8d91499af1089d887635ff94f3c9e17a420974f0796b8
provenance/LOCAL_DATA_PROVENANCE.csv,1431,2b5965851635779a4a4d85e38753d101f25caf60a919955ececd6c64e2518569
provenance/LOCAL_DATA_PROVENANCE.json,2205,3de40cc2fde52097e0493d8b4538fee19ea072856259efc7c6786badc89a3ffc
provenance/public_genetic_anchor_manifest.tsv,2898,a514c011ebf21556384ddeb35da778eac4b36b05d0ed0e0919ee64ed696e426c
provenance/SEA_AD_OBJECT_MANIFEST.csv,5147,9f6af68d56266cf07d58fd2ff495df933117b3be2b20efd710e2fdd38dbfdae5
README.md,4260,3b632a4ca10e85e4c327f4357f62fa665c6781eb8790156f4ea031f5d0dd7c26
RELEASE_NOTES.md,2277,f067dd81640c9661275f31007b75c99d66c19f3e4d910fba5bd32067fa5db63e
REPRODUCTION_AND_RELEASE_QA.md,3344,6f8bf72900e71c3acc83ef6a7cc12a755a7b77e5f7641331b11d1c395a370b02
scripts/analyze_mssm_direction_coupling.py,27391,b2b5642b45eebd8f86f8f2272bd39b3014f279b37bb6cdee1282611104842f9b
scripts/analyze_radc_seaad_anchor_heterogeneity.py,21292,ef094fe8a258fc6790b6bb20012486d1e656c6e766cf9e3e6faaa18f38047a51
scripts/audit_direction_locus_drivers.py,6292,f49d04593a3933c033ddc0604752067a1916e6924511501a73de05b9a11a02d8
scripts/audit_full_h5ad_csr.py,12403,7dc238a940105e3e1d7a3ab915a8d945176ce09fe5691e89716ca77b968b6083
scripts/audit_local_cellxgene_h5ad.py,14386,204594c349567cf8bca602627bef9d0ae496036618110110a95791e9272bac3b
scripts/audit_mssm_disease_cell_readiness.py,18271,447aacd7229f5c3aa0ffdc65e69a18a051698cc4251f5accf8e6f931a835fa35
scripts/audit_psychad_public_metadata.R,4392,9f8888c942b9fc01bcfced3ee2e4f8baa3cdd19dd9173a1adf4a3df93ae1e88a
scripts/audit_public_release.py,4380,6b8685a59ba1feb026f392c2dbe8f981a09e508c232567e973e014b992fdcfcc
scripts/audit_radc_pca_drivers.py,16415,2a5754a90b69465d96173b94b7800642e2b062d7978a4e7ea14786270fb0ebde
scripts/audit_remote_cellxgene_h5ad_schema.py,5491,bff95a95cc1ce8b97c28ebb409c06ba11e4ca736c1ac88088c667c12a6c97ced
scripts/build_analytic_sample_table.py,13193,6fee1e61cffc1b7b0bf62f6be116f0c2e2c4138e41c9a48cd75448eb1e01204c
scripts/build_psychad_class_pseudobulk.py,17551,137032aa46a6edbe9616324265f3ed3471348c30907860a191b836872d2685df
scripts/check_r_analysis_packages.R,357,f6ae727bed4a6a789f2cd13af58b5bd5767d531bff21f96c4dc1bea32aa71f29
scripts/compare_radc_nonlinear_thresholds.py,8512,8909f4db1756201f1bd248f93fce46ab6af5c5a024a4143dc4275cbd9b3d8203
scripts/compare_radc_thresholds.py,8261,a17d7e193a47973c1ffba651d008f13481cfbacca2d49af622c0b6dc02c9efad
scripts/compute_s3_multipart_etag.py,2092,aa0b89bc5ff5716a3e7fc906760aa81eb7917a674ed165f9d715a1b82c7dee41
scripts/download_verified_s3_multipart.py,13492,0236da01dadabed7c491a6492c3dd23d3b4401908a0b85c4e04e41dae5c1b6af
scripts/evaluate_age_cohort_overlap.R,4113,95bb1b6e97fa1f03fb7aee3d41c97c04291806b66e9a3d34b2448c5b417ed08f
scripts/evaluate_radc_stage_coupling_gate.py,8665,22ddc1ea34b9c4f8763f9eec28f3d0e6a4b58d065ccd2cf366c9f94177a3be78
scripts/freeze_mssm_sample_definitions.py,18539,bb5149194f38e10a102aa9547d75b334afa47f261bd402812d2e7b685b9d1a52
scripts/inspect_xlsx_xml.py,4260,c674965021ab5cb6ae6102033a738a48ea070f2f1722525df5ce753124f36a13
scripts/make_manuscript_figures_v2.py,29129,949e1a39653c1411968254fdcb24ea83e5b298d71476fcb3010838324d24bb8a
scripts/make_manuscript_figures_v3.py,31034,88091a3b528865237c8657fb2599731f9d6f5ce5477a55a2094ddb9fc429074c
scripts/make_manuscript_figures_v4.py,31109,2f514ce2a301cca65761aac61abc053c91bf0a005b798af88b1d32a19de17ecd
scripts/permutation_calibrate_radc_continuous.R,12923,c30f11cb39ad42fadddca99c82a1ed77fcbc792df7f6969d5625648f4c94a753
scripts/prepare_radc_direction_coupling_inputs.py,8073,158d5e4e801a748930e9a7bbe2e388f6fa05cf44f610f12c1be3dd0a1b84f881
scripts/prepare_radc_hc3_anchor_results.py,3683,bc758876c43a79afb4ede79855aef80a2bd9eeba98c8845dba0d2e6df68fb247
scripts/prepare_radc_stage_coupling_inputs.py,7587,c126a1f87de742b395ce4de766d0e06e1b5d4b58e29cbbb46554e2fcd555a2b4
scripts/prepare_seaad_donor_region_pseudobulk.py,24952,107d640f291f110661b892e2cfb7e4d154c3e908a082282898be747b6eb17a7a
scripts/prepare_seaad_immune_core3_donor_pseudobulk.py,15503,2449a7cd54e475838710f2f9ae4e051a29270e09d38a9f3d81f8a4fb7ed7b5df
scripts/prepare_seaad_immune_direction_coupling_inputs.py,6640,95906b483c9795cc300e657f218a3b62add9fc33460d4eaef003f9f43c0865e7
scripts/prepare_seaad_multifile_core3_donor_pseudobulk.py,12203,8a87019775ba53805f14acc27998a8147b3cc9cdfe3a7fa9f3a59ce10a28e47b
scripts/qc_psychad_class_pseudobulk.py,15954,6632eaddc705fe3124fce7a4b5b7e1a0c742d6edd1efbf034b9e3017f20d5215
scripts/qc_radc_class_pseudobulk.py,14045,2e5bb92bb35b8b60b743a65fae70f11f2fc71ff4a01832d7371fef55f321b193
scripts/run_mssm_disease_expression_models.R,14747,c0965f3dc67924d1a90eea0f848443bcf5ec5b3765896f26f8f723313b6f4a03
scripts/run_presubmission_statistics.py,21539,d39107fddadacc3390e87c1e3f784f7545e62a387a2c1fd83e572942ce14e325
scripts/run_radc_anchor_hc3.R,8331,a80e10e6df33a54e7904f8e4b7e603c06ff682f15401f12e920c3560152a4969
scripts/run_radc_nonlinear_pathology_models.R,10589,e7f17db2732d650fd1f67b1d42167078ccbfbe90857287be662fcc297cf52b13
scripts/run_radc_pathology_models.R,13398,ea45b0b05eb312024d471589a0dd0a1c8f20a9cfdef6bc64f1e70d1263c389d3
scripts/run_radc_presubmission_variant_models.R,8025,062fd6d90c3abdb8de713554e151052e0d766cb0ae26d911c0797304f0a33552
scripts/run_seaad_donor_region_pathology_models.R,18274,58d23a521ba8259c1831022b609263ccf874ca50142f1d518b99dee082e7437a
scripts/run_seaad_immune_core3_pathology_models.R,9475,e6d7d041687531521469c0bc43edb3307d37722a81f2ce1ea9efdb248e9adbc7
scripts/smoke_test_dreamlet.R,3215,1bd7abd7a5d20636ae05211b07b97cbe9941a1c90b0bd6e0fa6241a85b3e6de1
scripts/summarize_presubmission_v2.py,18629,c121108ae786a8e3bbad6810f9215ffe2b66577143510d2e31be3702113b3c05
scripts/summarize_public_genetic_anchors.py,9172,5dfd361ea9bc04ae3b773c14503257d0b34ea9529ee066c717f767b09a879fec
scripts/summarize_radc_pathology_results.py,13745,4aefa79d72454cb7397fc866996a5349e4590e82fca7a6c67d3e856f07b786cd
scripts/summarize_seaad_cross_class_evidence.py,9488,3cd6d1bb15cd8de77e4aee0f62d603029f2f8a5bc218a1b03c83e4d551ff03e9
scripts/summarize_seaad_region_sensitivity_v2.py,19107,da89d2e305a79f166e7d496770c96f0f1edf35562b9b701bfcf668030a7a7913
scripts/validate_r_syntax.R,198,2700c079674e62a77988179ae4f96d386818b8dbd6b60a22db1bd09c24ff45cc
scripts/validate_release.py,1460,394283a9439da133dd077ecb41f587598f420c3e45a9d0a1443c17faf70a91bd
scripts/verify_environment.py,987,3cd1d05db892ddb3e6a9c12032868c2179b22846c51b791c3a8168f3f40e1ea2
scripts/verify_environment.R,978,c155e77182579adea97d55d62f13e00cbda6e023b1fe6540da161453ed836423
