adjustment,cell_class,pathology,other_region,locus_id,anchors,S_DFC,S_other,Delta_S_DFC_minus_other
standard,Immune,CERAD,MEC,AD|ABI3,1,0.938053448621866,0.8413723771357393,0.0966810714861267
standard,Immune,CERAD,MEC,AD|ADAM17,1,0.1091996481128161,0.1946096427474402,-0.08540999463462409
standard,Immune,CERAD,MEC,AD|ANK3,1,-0.6440970061272574,0.0030548423422203,-0.6471518484694777
standard,Immune,CERAD,MEC,AD|BIN1,2,-0.7974029668190856,-0.9759861382889918,0.1785831714699062
standard,Immune,CERAD,MEC,AD|BLNK,1,-0.0285899042905347,-0.8419928285410353,0.8134029242505006
standard,Immune,CERAD,MEC,AD|CASS4,1,-0.9852444776996572,-0.946979144030394,-0.03826533366926321
standard,Immune,CERAD,MEC,AD|CD2AP,1,0.8866310896170565,0.6783117105557763,0.20831937906128017
standard,Immune,CERAD,MEC,AD|DOC2A,1,0.9906456264761648,0.9977235117179184,-0.007077885241753568
standard,Immune,CERAD,MEC,AD|ECHDC3,1,0.5996868396707435,0.3389941935254249,0.2606926461453186
standard,Immune,CERAD,MEC,AD|EPDR1,1,0.2985823300199527,-0.5137290995697689,0.8123114295897216
standard,Immune,CERAD,MEC,AD|EPHA1,4,-0.6653347417591465,-0.4182239860225242,-0.24711075573662233
standard,Immune,CERAD,MEC,AD|FERMT2,1,0.962942624089241,0.5486721130874351,0.4142705110018059
standard,Immune,CERAD,MEC,AD|MS4A6A,1,0.3320268981866161,-0.8829526819013999,1.2149795800880159
standard,Immune,CERAD,MEC,AD|NCK2,1,0.5617826688291774,-0.431837134147305,0.9936198029764824
standard,Immune,CERAD,MEC,AD|PICALM,1,-0.5689722097376579,-0.0555436460663835,-0.5134285636712744
standard,Immune,CERAD,MEC,AD|PLEKHA1,1,0.8479222887501214,0.882830210798146,-0.03490792204802462
standard,Immune,CERAD,MEC,AD|RASGEF1C,1,0.8580270304993032,0.7975431411653285,0.06048388933397464
standard,Immune,CERAD,MEC,AD|RHOH,1,-0.0144424262694987,0.600907065018877,-0.6153494912883757
standard,Immune,CERAD,MEC,AD|SCIMP,1,0.7206361610018439,0.9462952494229916,-0.22565908842114768
standard,Immune,CERAD,MEC,AD|SIGLEC11,1,0.6762959654069964,-0.2963749878704739,0.9726709532774703
standard,Immune,CERAD,MEC,AD|WDR81,1,-0.3322157407853,0.2195652862903693,-0.5517810270756693
standard,Immune,CERAD,MTG,AD|ABI3,1,0.938053448621866,0.8060872720715523,0.13196617655031373
standard,Immune,CERAD,MTG,AD|ADAM17,1,0.1091996481128161,-0.7666796898282245,0.8758793379410407
standard,Immune,CERAD,MTG,AD|ANK3,1,-0.6440970061272574,-0.6150168804455902,-0.02908012568166718
standard,Immune,CERAD,MTG,AD|BIN1,2,-0.7974029668190856,-0.8886129795191573,0.09121001270007167
standard,Immune,CERAD,MTG,AD|BLNK,1,-0.0285899042905347,-0.2390197577051371,0.21042985341460238
standard,Immune,CERAD,MTG,AD|CASS4,1,-0.9852444776996572,-0.9668349022050524,-0.018409575494604757
standard,Immune,CERAD,MTG,AD|CD2AP,1,0.8866310896170565,0.5605226076106066,0.32610848200644993
standard,Immune,CERAD,MTG,AD|DOC2A,1,0.9906456264761648,0.9997775700860292,-0.009131943609864357
standard,Immune,CERAD,MTG,AD|ECHDC3,1,0.5996868396707435,0.8425011599427774,-0.24281432027203387
standard,Immune,CERAD,MTG,AD|EPDR1,1,0.2985823300199527,-0.7983182098601413,1.0969005398800942
standard,Immune,CERAD,MTG,AD|EPHA1,4,-0.6653347417591465,-0.5879039569663111,-0.07743078479283538
standard,Immune,CERAD,MTG,AD|FERMT2,1,0.962942624089241,0.9257752383128572,0.03716738577638379
standard,Immune,CERAD,MTG,AD|MS4A6A,1,0.3320268981866161,-0.0934744037471964,0.4255013019338125
standard,Immune,CERAD,MTG,AD|NCK2,1,0.5617826688291774,-0.2108446244965215,0.7726272933256989
standard,Immune,CERAD,MTG,AD|PICALM,1,-0.5689722097376579,-0.3660263686190453,-0.20294584111861264
standard,Immune,CERAD,MTG,AD|PLEKHA1,1,0.8479222887501214,0.9504644790905964,-0.10254219034047496
standard,Immune,CERAD,MTG,AD|RASGEF1C,1,0.8580270304993032,0.9500014194446084,-0.09197438894530519
standard,Immune,CERAD,MTG,AD|RHOH,1,-0.0144424262694987,0.7257193845499104,-0.740161810819409
standard,Immune,CERAD,MTG,AD|SCIMP,1,0.7206361610018439,0.8528906935527638,-0.1322545325509199
standard,Immune,CERAD,MTG,AD|SIGLEC11,1,0.6762959654069964,-0.5044721454366811,1.1807681108436774
standard,Immune,CERAD,MTG,AD|WDR81,1,-0.3322157407853,-0.3240961765390134,-0.00811956424628657
standard,Immune,Braak,MEC,AD|ABI3,1,0.5553776805454401,0.6294874762958836,-0.07410979575044352
standard,Immune,Braak,MEC,AD|ADAM17,1,0.5438900476841706,0.2031007018148015,0.3407893458693691
standard,Immune,Braak,MEC,AD|ANK3,1,-0.5133651325190741,-0.4347747741442067,-0.07859035837486744
standard,Immune,Braak,MEC,AD|BIN1,2,-0.9524114948556754,-0.9770963826394214,0.024684887783746
standard,Immune,Braak,MEC,AD|BLNK,1,-0.6507753098299942,-0.9241753081848956,0.27339999835490136
standard,Immune,Braak,MEC,AD|CASS4,1,-0.6216669263820672,-0.818733795393804,0.19706686901173676
standard,Immune,Braak,MEC,AD|CD2AP,1,0.8120713558055457,0.8738978314196761,-0.06182647561413046
standard,Immune,Braak,MEC,AD|DOC2A,1,0.9501137398534528,0.9881741085565314,-0.038060368703078606
standard,Immune,Braak,MEC,AD|ECHDC3,1,0.3555877170106084,0.2796846536682529,0.07590306334235547
standard,Immune,Braak,MEC,AD|EPDR1,1,0.4923069394956672,-0.8612985015682613,1.3536054410639284
standard,Immune,Braak,MEC,AD|EPHA1,4,-0.7915424843251795,-0.17543461573350821,-0.6161078685916712
standard,Immune,Braak,MEC,AD|FERMT2,1,0.8011180902597468,0.5412775265702292,0.2598405636895176
standard,Immune,Braak,MEC,AD|MS4A6A,1,0.2302593336960318,-0.6444121608050398,0.8746714945010716
standard,Immune,Braak,MEC,AD|NCK2,1,-0.2337733697346346,-0.7966242526336447,0.5628508828990101
standard,Immune,Braak,MEC,AD|PICALM,1,0.1128751779939723,0.4285544807480389,-0.31567930275406664
standard,Immune,Braak,MEC,AD|PLEKHA1,1,-0.2223615559056515,0.8247362782819172,-1.0470978341875687
standard,Immune,Braak,MEC,AD|RASGEF1C,1,0.9412259553412496,0.8850860945753436,0.05613986076590605
standard,Immune,Braak,MEC,AD|RHOH,1,0.3313250416772209,0.7799817526277472,-0.4486567109505263
standard,Immune,Braak,MEC,AD|SCIMP,1,0.4139784063769929,0.9440219325112712,-0.5300435261342783
standard,Immune,Braak,MEC,AD|SIGLEC11,1,0.4825608938698298,-0.7728698620002624,1.2554307558700923
standard,Immune,Braak,MEC,AD|WDR81,1,-0.7947000614686799,-0.9962579781797845,0.20155791671110457
standard,Immune,Braak,MTG,AD|ABI3,1,0.5553776805454401,0.2687096212975773,0.2866680592478628
standard,Immune,Braak,MTG,AD|ADAM17,1,0.5438900476841706,-0.2145813826300331,0.7584714303142037
standard,Immune,Braak,MTG,AD|ANK3,1,-0.5133651325190741,-0.062593263440074,-0.45077186907900013
standard,Immune,Braak,MTG,AD|BIN1,2,-0.9524114948556754,-0.992560001695483,0.04014850683980753
standard,Immune,Braak,MTG,AD|BLNK,1,-0.6507753098299942,-0.6555400980187368,0.004764788188742597
standard,Immune,Braak,MTG,AD|CASS4,1,-0.6216669263820672,-0.6911624629055254,0.06949553652345819
standard,Immune,Braak,MTG,AD|CD2AP,1,0.8120713558055457,-0.5146039653196081,1.3266753211251539
standard,Immune,Braak,MTG,AD|DOC2A,1,0.9501137398534528,0.9989258914300642,-0.04881215157661134
standard,Immune,Braak,MTG,AD|ECHDC3,1,0.3555877170106084,0.6695444149137723,-0.3139566979031639
standard,Immune,Braak,MTG,AD|EPDR1,1,0.4923069394956672,-0.837171897894096,1.3294788373897632
standard,Immune,Braak,MTG,AD|EPHA1,4,-0.7915424843251795,-0.34484969303224966,-0.4466927912929298
standard,Immune,Braak,MTG,AD|FERMT2,1,0.8011180902597468,0.787062270319721,0.014055819940025804
standard,Immune,Braak,MTG,AD|MS4A6A,1,0.2302593336960318,0.5093112213761999,-0.2790518876801681
standard,Immune,Braak,MTG,AD|NCK2,1,-0.2337733697346346,-0.7863677488048033,0.5525943790701687
standard,Immune,Braak,MTG,AD|PICALM,1,0.1128751779939723,0.2274675099609208,-0.1145923319669485
standard,Immune,Braak,MTG,AD|PLEKHA1,1,-0.2223615559056515,0.857078397078041,-1.0794399529836924
standard,Immune,Braak,MTG,AD|RASGEF1C,1,0.9412259553412496,0.9752272032486214,-0.0340012479073718
standard,Immune,Braak,MTG,AD|RHOH,1,0.3313250416772209,0.991085828056975,-0.6597607863797541
standard,Immune,Braak,MTG,AD|SCIMP,1,0.4139784063769929,0.8870552355184581,-0.4730768291414652
standard,Immune,Braak,MTG,AD|SIGLEC11,1,0.4825608938698298,-0.7023092267377415,1.1848701206075714
standard,Immune,Braak,MTG,AD|WDR81,1,-0.7947000614686799,-0.9661975944460088,0.17149753297732895
standard,Oligo,CERAD,MEC,AD|ABCA7,1,0.9387490656481888,0.9030433230301246,0.03570574261806425
standard,Oligo,CERAD,MEC,AD|APH1B,1,-0.6979825729681111,-0.9104480161499052,0.21246544318179417
standard,Oligo,CERAD,MEC,AD|COX7C,1,0.4768164255261225,0.7761791932326702,-0.29936276770654763
standard,Oligo,CERAD,MEC,AD|DOC2A,1,-0.612651365577373,-0.6761752291435484,0.06352386356617545
standard,Oligo,CERAD,MEC,AD|EPDR1,1,0.1917479713057311,-0.7815178730864176,0.9732658443921487
standard,Oligo,CERAD,MEC,AD|GRN,1,0.0976730702361348,-0.5591637865808939,0.6568368568170287
standard,Oligo,CERAD,MEC,AD|PRKD3,1,-0.8686190949309817,-0.6976114975647376,-0.17100759736624405
standard,Oligo,CERAD,MEC,AD|SPDYE3,1,0.9821120563797184,0.9963822400036002,-0.014270183623881771
standard,Oligo,CERAD,MEC,AD|SPPL2A,1,0.0424030167792485,0.5280513826596944,-0.4856483658804459
standard,Oligo,CERAD,MTG,AD|ABCA7,1,0.9387490656481888,0.5008116089091713,0.4379374567390175
standard,Oligo,CERAD,MTG,AD|APH1B,1,-0.6979825729681111,-0.7531461828481738,0.05516360988006275
standard,Oligo,CERAD,MTG,AD|COX7C,1,0.4768164255261225,0.1121776485655345,0.364638776960588
standard,Oligo,CERAD,MTG,AD|DOC2A,1,-0.612651365577373,-0.9876907345529872,0.3750393689756142
standard,Oligo,CERAD,MTG,AD|EPDR1,1,0.1917479713057311,-0.228964364523119,0.4207123358288501
standard,Oligo,CERAD,MTG,AD|GRN,1,0.0976730702361348,-0.930012622407579,1.027685692643714
standard,Oligo,CERAD,MTG,AD|PRKD3,1,-0.8686190949309817,-0.859278449928252,-0.009340645002729686
standard,Oligo,CERAD,MTG,AD|SPDYE3,1,0.9821120563797184,0.8815504836087669,0.10056157277095157
standard,Oligo,CERAD,MTG,AD|SPPL2A,1,0.0424030167792485,-0.7243943272659139,0.7667973440451624
standard,Oligo,Braak,MEC,AD|ABCA7,1,0.957830233546104,0.8422515554964716,0.1155786780496324
standard,Oligo,Braak,MEC,AD|APH1B,1,-0.2782551725309229,-0.792011550902747,0.5137563783718241
standard,Oligo,Braak,MEC,AD|COX7C,1,-0.174873281181606,0.530264861033369,-0.705138142214975
standard,Oligo,Braak,MEC,AD|DOC2A,1,-0.6557146158638438,-0.7858454539502233,0.13013083808637949
standard,Oligo,Braak,MEC,AD|EPDR1,1,-0.1928608589108216,0.2051456907744356,-0.39800654968525717
standard,Oligo,Braak,MEC,AD|GRN,1,-0.3906675930155268,-0.5933507145730743,0.20268312155754753
standard,Oligo,Braak,MEC,AD|PRKD3,1,-0.5593394075888044,-0.919978724538838,0.3606393169500336
standard,Oligo,Braak,MEC,AD|SPDYE3,1,0.680417950861635,0.9823464661569404,-0.3019285152953054
standard,Oligo,Braak,MEC,AD|SPPL2A,1,0.315174712299231,0.9200385501082854,-0.6048638378090544
standard,Oligo,Braak,MTG,AD|ABCA7,1,0.957830233546104,0.8100430725929807,0.14778716095312328
standard,Oligo,Braak,MTG,AD|APH1B,1,-0.2782551725309229,-0.8632735601350161,0.5850183876040932
standard,Oligo,Braak,MTG,AD|COX7C,1,-0.174873281181606,-0.3775159257897758,0.20264264460816978
standard,Oligo,Braak,MTG,AD|DOC2A,1,-0.6557146158638438,-0.9987767776778655,0.3430621618140217
standard,Oligo,Braak,MTG,AD|EPDR1,1,-0.1928608589108216,0.1257614983076024,-0.318622357218424
standard,Oligo,Braak,MTG,AD|GRN,1,-0.3906675930155268,-0.9810429274994684,0.5903753344839416
standard,Oligo,Braak,MTG,AD|PRKD3,1,-0.5593394075888044,-0.7583157100967166,0.1989763025079122
standard,Oligo,Braak,MTG,AD|SPDYE3,1,0.680417950861635,0.3395837941046211,0.34083415675701395
standard,Oligo,Braak,MTG,AD|SPPL2A,1,0.315174712299231,-0.4922820286730446,0.8074567409722756
standard,EN,CERAD,MEC,AD|ADAM17,3,-0.2664587661885816,-0.23970992035316027,-0.026748845835421337
standard,EN,CERAD,MEC,AD|APH1B,1,-0.8833740588442589,-0.9114879501239752,0.028113891279716308
standard,EN,CERAD,MEC,AD|CD2AP,1,0.8542623834044986,0.947915515648852,-0.09365313224435345
standard,EN,CERAD,MEC,AD|CTSH,1,-0.5467319616011783,0.2339492621491665,-0.7806812237503449
standard,EN,CERAD,MEC,AD|DOC2A,2,-0.060630332340680715,0.09422352824067011,-0.1548538605813508
standard,EN,CERAD,MEC,AD|GRN,1,-0.79242481103349,-0.8760014230909996,0.08357661205750955
standard,EN,CERAD,MEC,AD|JAZF1,1,-0.5237663878353387,-0.6065265431614622,0.08276015532612346
standard,EN,CERAD,MEC,AD|PLEKHA1,1,0.8325321794630279,0.916206605153672,-0.0836744256906441
standard,EN,CERAD,MEC,AD|RBCK1,1,0.9170672799307829,0.91405584939624,0.0030114305345428916
standard,EN,CERAD,MEC,AD|TNIP1,1,-0.7902886103281908,-0.840243301947547,0.049954691619356284
standard,EN,CERAD,MEC,AD|TPCN1,1,0.0912350210374491,-0.4140498143600666,0.5052848353975157
standard,EN,CERAD,MEC,AD|TSPAN14,1,-0.1686039650045183,-0.0427465134627895,-0.12585745154172878
standard,EN,CERAD,MEC,AD|WDR12,3,-0.6072135707303662,-0.4027107440301237,-0.2045028267002425
standard,EN,CERAD,MTG,AD|ADAM17,3,-0.2664587661885816,-0.2148787057025995,-0.0515800604859821
standard,EN,CERAD,MTG,AD|APH1B,1,-0.8833740588442589,-0.9049245828082884,0.021550523964029455
standard,EN,CERAD,MTG,AD|CD2AP,1,0.8542623834044986,0.8405442141400253,0.013718169264473223
standard,EN,CERAD,MTG,AD|CTSH,1,-0.5467319616011783,-0.6083353273631064,0.06160336576192804
standard,EN,CERAD,MTG,AD|DOC2A,2,-0.060630332340680715,-0.000531353168527815,-0.0600989791721529
standard,EN,CERAD,MTG,AD|GRN,1,-0.79242481103349,-0.9988143668341614,0.2063895558006713
standard,EN,CERAD,MTG,AD|JAZF1,1,-0.5237663878353387,0.5232547777631866,-1.0470211655985253
standard,EN,CERAD,MTG,AD|PLEKHA1,1,0.8325321794630279,0.93668930842511,-0.10415712896208207
standard,EN,CERAD,MTG,AD|RBCK1,1,0.9170672799307829,0.6240156724758357,0.2930516074549472
standard,EN,CERAD,MTG,AD|TNIP1,1,-0.7902886103281908,-0.6259036704815801,-0.16438493984661062
standard,EN,CERAD,MTG,AD|TPCN1,1,0.0912350210374491,-0.6007885694874189,0.692023590524868
standard,EN,CERAD,MTG,AD|TSPAN14,1,-0.1686039650045183,-0.890488434946672,0.7218844699421536
standard,EN,CERAD,MTG,AD|WDR12,3,-0.6072135707303662,-0.6359669701239494,0.028753399393583234
standard,EN,Braak,MEC,AD|ADAM17,3,-0.09486726724332217,-0.09737055896791114,0.002503291724588963
standard,EN,Braak,MEC,AD|APH1B,1,-0.7254350848343027,-0.6081862518763035,-0.11724883295799926
standard,EN,Braak,MEC,AD|CD2AP,1,0.6119110481953225,0.6141176632651734,-0.00220661506985087
standard,EN,Braak,MEC,AD|CTSH,1,0.1607991247384823,0.6014551730953911,-0.4406560483569088
standard,EN,Braak,MEC,AD|DOC2A,2,-0.17326820487701683,-0.3228415679976795,0.14957336312066266
standard,EN,Braak,MEC,AD|GRN,1,-0.5067267699175326,0.2207728904614292,-0.7274996603789619
standard,EN,Braak,MEC,AD|JAZF1,1,-0.2418222055988605,0.8470737029301632,-1.0888959085290237
standard,EN,Braak,MEC,AD|PLEKHA1,1,0.5373172430929888,0.9332553879916266,-0.39593814489863777
standard,EN,Braak,MEC,AD|RBCK1,1,0.7278255774799962,0.8539098965751143,-0.12608431909511808
standard,EN,Braak,MEC,AD|TNIP1,1,-0.8022403857280204,-0.8402834506093285,0.03804306488130815
standard,EN,Braak,MEC,AD|TPCN1,1,-0.0059042438716452,-0.7943852838749884,0.7884810400033432
standard,EN,Braak,MEC,AD|TSPAN14,1,-0.3872365338706736,-0.2016344153815923,-0.18560211848908129
standard,EN,Braak,MEC,AD|WDR12,3,-0.7333098953197097,-0.23930370193004072,-0.494006193389669
standard,EN,Braak,MTG,AD|ADAM17,3,-0.09486726724332217,-0.09375685371449649,-0.0011104135288256822
standard,EN,Braak,MTG,AD|APH1B,1,-0.7254350848343027,-0.9210693694353708,0.19563428460106802
standard,EN,Braak,MTG,AD|CD2AP,1,0.6119110481953225,-0.1310580128885609,0.7429690610838834
standard,EN,Braak,MTG,AD|CTSH,1,0.1607991247384823,0.3437090426594186,-0.1829099179209363
standard,EN,Braak,MTG,AD|DOC2A,2,-0.17326820487701683,-0.0018998609333759076,-0.17136834394364092
standard,EN,Braak,MTG,AD|GRN,1,-0.5067267699175326,-0.9700259086109672,0.46329913869343453
standard,EN,Braak,MTG,AD|JAZF1,1,-0.2418222055988605,0.6631617186902329,-0.9049839242890934
standard,EN,Braak,MTG,AD|PLEKHA1,1,0.5373172430929888,0.7307608063267335,-0.19344356323374468
standard,EN,Braak,MTG,AD|RBCK1,1,0.7278255774799962,0.6480785168946618,0.07974706058533443
standard,EN,Braak,MTG,AD|TNIP1,1,-0.8022403857280204,-0.9718342773309708,0.16959389160295046
standard,EN,Braak,MTG,AD|TPCN1,1,-0.0059042438716452,-0.5162102908145181,0.5103060469428728
standard,EN,Braak,MTG,AD|TSPAN14,1,-0.3872365338706736,-0.76896508627901,0.38172855240833636
standard,EN,Braak,MTG,AD|WDR12,3,-0.7333098953197097,-0.7515163512191704,0.018206455899460683
composition,Immune,CERAD,MEC,AD|ABI3,1,0.9125154652898522,0.8968453960316196,0.015670069258232555
composition,Immune,CERAD,MEC,AD|ADAM17,1,0.1951231777815507,0.2083385319029764,-0.013215354121425715
composition,Immune,CERAD,MEC,AD|ANK3,1,-0.7182363808479153,0.0825318202538618,-0.8007682011017772
composition,Immune,CERAD,MEC,AD|BIN1,2,-0.7484459475361542,-0.988719836017586,0.24027388848143172
composition,Immune,CERAD,MEC,AD|BLNK,1,-0.1834880385162681,-0.8922952638331141,0.708807225316846
composition,Immune,CERAD,MEC,AD|CASS4,1,-0.9776871916227632,-0.9763928386897196,-0.0012943529330435855
composition,Immune,CERAD,MEC,AD|CD2AP,1,0.9092465537294973,0.8160246503014966,0.09322190342800063
composition,Immune,CERAD,MEC,AD|DOC2A,1,0.9876043734682978,0.9969824168417316,-0.009378043373433842
composition,Immune,CERAD,MEC,AD|ECHDC3,1,0.484570679284775,0.4744838551277671,0.010086824157007901
composition,Immune,CERAD,MEC,AD|EPDR1,1,0.4428778188996141,-0.3300391775701467,0.7729169964697609
composition,Immune,CERAD,MEC,AD|EPHA1,4,-0.778377349810268,-0.4418725821482101,-0.33650476766205784
composition,Immune,CERAD,MEC,AD|FERMT2,1,0.9638797265359564,0.25987679419696,0.7040029323389965
composition,Immune,CERAD,MEC,AD|MS4A6A,1,0.4252415253097212,-0.8405343030455021,1.2657758283552234
composition,Immune,CERAD,MEC,AD|NCK2,1,0.8471451273747185,-0.5365151818689405,1.383660309243659
composition,Immune,CERAD,MEC,AD|PICALM,1,-0.4953084621185405,-0.1832658901367733,-0.3120425719817672
composition,Immune,CERAD,MEC,AD|PLEKHA1,1,0.8015167762725428,0.8582350730861698,-0.056718296813626945
composition,Immune,CERAD,MEC,AD|RASGEF1C,1,0.8853706234880482,0.7827118946831452,0.10265872880490301
composition,Immune,CERAD,MEC,AD|RHOH,1,-0.1258930531191462,0.2114959189948934,-0.3373889721140396
composition,Immune,CERAD,MEC,AD|SCIMP,1,0.6984995740792682,0.8946274047107142,-0.196127830631446
composition,Immune,CERAD,MEC,AD|SIGLEC11,1,0.8004725058924665,-0.3574389099654144,1.157911415857881
composition,Immune,CERAD,MEC,AD|WDR81,1,-0.2991447537833543,0.1109851089654792,-0.4101298627488335
composition,Immune,CERAD,MTG,AD|ABI3,1,0.9125154652898522,0.4477994649285377,0.46471600036131444
composition,Immune,CERAD,MTG,AD|ADAM17,1,0.1951231777815507,-0.5415529380243558,0.7366761158059065
composition,Immune,CERAD,MTG,AD|ANK3,1,-0.7182363808479153,-0.7413330914412223,0.02309671059330698
composition,Immune,CERAD,MTG,AD|BIN1,2,-0.7484459475361542,-0.6254756348711439,-0.12297031266501035
composition,Immune,CERAD,MTG,AD|BLNK,1,-0.1834880385162681,-0.7720260502434442,0.5885380117271761
composition,Immune,CERAD,MTG,AD|CASS4,1,-0.9776871916227632,-0.7915565430999876,-0.1861306485227756
composition,Immune,CERAD,MTG,AD|CD2AP,1,0.9092465537294973,0.3981955015121784,0.5110510522173188
composition,Immune,CERAD,MTG,AD|DOC2A,1,0.9876043734682978,0.996659554983979,-0.009055181515681188
composition,Immune,CERAD,MTG,AD|ECHDC3,1,0.484570679284775,0.445071439181436,0.039499240103338995
composition,Immune,CERAD,MTG,AD|EPDR1,1,0.4428778188996141,-0.4000696739064051,0.8429474928060192
composition,Immune,CERAD,MTG,AD|EPHA1,4,-0.778377349810268,-0.7401733176222624,-0.03820403218800561
composition,Immune,CERAD,MTG,AD|FERMT2,1,0.9638797265359564,0.9487940002804148,0.01508572625554161
composition,Immune,CERAD,MTG,AD|MS4A6A,1,0.4252415253097212,-0.1241661499989617,0.549407675308683
composition,Immune,CERAD,MTG,AD|NCK2,1,0.8471451273747185,0.8774908541725498,-0.03034572679783132
composition,Immune,CERAD,MTG,AD|PICALM,1,-0.4953084621185405,-0.1014238220310666,-0.3938846400874739
composition,Immune,CERAD,MTG,AD|PLEKHA1,1,0.8015167762725428,0.8420544383118357,-0.04053766203929288
composition,Immune,CERAD,MTG,AD|RASGEF1C,1,0.8853706234880482,0.9807679867189688,-0.09539736323092063
composition,Immune,CERAD,MTG,AD|RHOH,1,-0.1258930531191462,0.2094821523794757,-0.3353752054986219
composition,Immune,CERAD,MTG,AD|SCIMP,1,0.6984995740792682,0.7703754861993306,-0.07187591212006239
composition,Immune,CERAD,MTG,AD|SIGLEC11,1,0.8004725058924665,0.3207590003454763,0.47971350554699027
composition,Immune,CERAD,MTG,AD|WDR81,1,-0.2991447537833543,-0.5136260095737225,0.2144812557903682
composition,Immune,Braak,MEC,AD|ABI3,1,0.4679363838619247,0.701264261140648,-0.23332787727872328
composition,Immune,Braak,MEC,AD|ADAM17,1,0.6183899658316948,0.2140256096213816,0.4043643562103132
composition,Immune,Braak,MEC,AD|ANK3,1,-0.641321419156699,-0.3872425550421268,-0.25407886411457226
composition,Immune,Braak,MEC,AD|BIN1,2,-0.9141162992469144,-0.9872461048805123,0.07312980563359794
composition,Immune,Braak,MEC,AD|BLNK,1,-0.7186236113178135,-0.9568642981879286,0.23824068687011513
composition,Immune,Braak,MEC,AD|CASS4,1,-0.5260341052669266,-0.8773558976158107,0.35132179234888405
composition,Immune,Braak,MEC,AD|CD2AP,1,0.8460214062890065,0.9389823624061128,-0.09296095611710631
composition,Immune,Braak,MEC,AD|DOC2A,1,0.946452257306047,0.9907100674196352,-0.0442578101135882
composition,Immune,Braak,MEC,AD|ECHDC3,1,0.2287504152662826,0.3747818021501714,-0.14603138688388878
composition,Immune,Braak,MEC,AD|EPDR1,1,0.6550080381326334,-0.872262389372856,1.5272704275054894
composition,Immune,Braak,MEC,AD|EPHA1,4,-0.8743704834981295,-0.16598853712887748,-0.708381946369252
composition,Immune,Braak,MEC,AD|FERMT2,1,0.8297319031639653,0.374396758338697,0.45533514482526827
composition,Immune,Braak,MEC,AD|MS4A6A,1,0.3475104544936425,-0.6320044825103361,0.9795149370039786
composition,Immune,Braak,MEC,AD|NCK2,1,0.3179454232580261,-0.8763931851599124,1.1943386084179384
composition,Immune,Braak,MEC,AD|PICALM,1,0.1751566240760867,0.3381139620411896,-0.1629573379651029
composition,Immune,Braak,MEC,AD|PLEKHA1,1,-0.3425010806939814,0.824460632280269,-1.1669617129742504
composition,Immune,Braak,MEC,AD|RASGEF1C,1,0.9428475013752344,0.8820574932188655,0.060790008156368924
composition,Immune,Braak,MEC,AD|RHOH,1,0.2240670636256766,0.6464625588293152,-0.4223954952036386
composition,Immune,Braak,MEC,AD|SCIMP,1,0.4449416265161354,0.8998996405894445,-0.4549580140733091
composition,Immune,Braak,MEC,AD|SIGLEC11,1,0.6486059014650201,-0.7883223032203529,1.436928204685373
composition,Immune,Braak,MEC,AD|WDR81,1,-0.8602644985684404,-0.9970305329045922,0.13676603433615175
composition,Immune,Braak,MTG,AD|ABI3,1,0.4679363838619247,-0.3458283529579827,0.8137647368199075
composition,Immune,Braak,MTG,AD|ADAM17,1,0.6183899658316948,0.1812839730896497,0.4371059927420451
composition,Immune,Braak,MTG,AD|ANK3,1,-0.641321419156699,-0.2282141306109701,-0.413107288545729
composition,Immune,Braak,MTG,AD|BIN1,2,-0.9141162992469144,-0.979306200223558,0.06518990097664357
composition,Immune,Braak,MTG,AD|BLNK,1,-0.7186236113178135,-0.9513848570498004,0.23276124573198687
composition,Immune,Braak,MTG,AD|CASS4,1,-0.5260341052669266,-0.094393171371561,-0.4316409338953656
composition,Immune,Braak,MTG,AD|CD2AP,1,0.8460214062890065,-0.6479268744659199,1.4939482807549265
composition,Immune,Braak,MTG,AD|DOC2A,1,0.946452257306047,0.9950584760490422,-0.0486062187429952
composition,Immune,Braak,MTG,AD|ECHDC3,1,0.2287504152662826,0.110115046149041,0.1186353691172416
composition,Immune,Braak,MTG,AD|EPDR1,1,0.6550080381326334,-0.5149616150351707,1.169969653167804
composition,Immune,Braak,MTG,AD|EPHA1,4,-0.8743704834981295,-0.5137202751545629,-0.36065020834356665
composition,Immune,Braak,MTG,AD|FERMT2,1,0.8297319031639653,0.7747832850950098,0.05494861806895546
composition,Immune,Braak,MTG,AD|MS4A6A,1,0.3475104544936425,0.6538080260242125,-0.30629757153057
composition,Immune,Braak,MTG,AD|NCK2,1,0.3179454232580261,0.1411750249675194,0.1767703982905067
composition,Immune,Braak,MTG,AD|PICALM,1,0.1751566240760867,0.6328038413356262,-0.4576472172595395
composition,Immune,Braak,MTG,AD|PLEKHA1,1,-0.3425010806939814,0.5890257135524198,-0.9315267942464012
composition,Immune,Braak,MTG,AD|RASGEF1C,1,0.9428475013752344,0.9892714546493132,-0.04642395327407878
composition,Immune,Braak,MTG,AD|RHOH,1,0.2240670636256766,0.9444735655843572,-0.7204065019586806
composition,Immune,Braak,MTG,AD|SCIMP,1,0.4449416265161354,0.7956814986569958,-0.3507398721408604
composition,Immune,Braak,MTG,AD|SIGLEC11,1,0.6486059014650201,-0.3029986777493813,0.9516045792144013
composition,Immune,Braak,MTG,AD|WDR81,1,-0.8602644985684404,-0.9952005346900892,0.13493603612164873
composition,Oligo,CERAD,MEC,AD|ABCA7,1,0.7152286725237307,0.7516448390228354,-0.03641616649910473
composition,Oligo,CERAD,MEC,AD|APH1B,1,-0.195843149431511,-0.9243277610769692,0.7284846116454582
composition,Oligo,CERAD,MEC,AD|COX7C,1,-0.4748955690509046,-0.2442387030405875,-0.23065686601031707
composition,Oligo,CERAD,MEC,AD|DOC2A,1,-0.8956270532310424,-0.4476919413153611,-0.4479351119156813
composition,Oligo,CERAD,MEC,AD|EPDR1,1,-0.4873583988617559,-0.5746107797686314,0.08725238090687548
composition,Oligo,CERAD,MEC,AD|GRN,1,-0.5365241197934023,-0.3487216459172654,-0.1878024738761369
composition,Oligo,CERAD,MEC,AD|PRKD3,1,-0.9269779925257532,-0.460156240439773,-0.4668217520859802
composition,Oligo,CERAD,MEC,AD|SPDYE3,1,0.644506077104315,0.82722983595863,-0.18272375885431502
composition,Oligo,CERAD,MEC,AD|SPPL2A,1,-0.7968412724161521,0.3480226805353267,-1.1448639529514788
composition,Oligo,CERAD,MTG,AD|ABCA7,1,0.7152286725237307,0.5438281349506091,0.17140053757312157
composition,Oligo,CERAD,MTG,AD|APH1B,1,-0.195843149431511,-0.8203792047876488,0.6245360553561379
composition,Oligo,CERAD,MTG,AD|COX7C,1,-0.4748955690509046,0.3321160914181263,-0.807011660469031
composition,Oligo,CERAD,MTG,AD|DOC2A,1,-0.8956270532310424,-0.989447746007724,0.09382069277668159
composition,Oligo,CERAD,MTG,AD|EPDR1,1,-0.4873583988617559,-0.2177262429081603,-0.2696321559535956
composition,Oligo,CERAD,MTG,AD|GRN,1,-0.5365241197934023,-0.9384328621414668,0.4019087423480645
composition,Oligo,CERAD,MTG,AD|PRKD3,1,-0.9269779925257532,-0.8671620045534562,-0.059815987972297036
composition,Oligo,CERAD,MTG,AD|SPDYE3,1,0.644506077104315,0.9774145896368558,-0.33290851253254083
composition,Oligo,CERAD,MTG,AD|SPPL2A,1,-0.7968412724161521,-0.7081687964268917,-0.08867247598926042
composition,Oligo,Braak,MEC,AD|ABCA7,1,0.915383144843444,0.5215370826635698,0.39384606217987417
composition,Oligo,Braak,MEC,AD|APH1B,1,0.1148094133945995,-0.7658085706779985,0.880617984072598
composition,Oligo,Braak,MEC,AD|COX7C,1,-0.6452786655167823,-0.3492622010241362,-0.29601646449264607
composition,Oligo,Braak,MEC,AD|DOC2A,1,-0.7934784862029356,-0.2143293363372506,-0.579149149865685
composition,Oligo,Braak,MEC,AD|EPDR1,1,-0.5769379515951177,0.2749168689990523,-0.8518548205941701
composition,Oligo,Braak,MEC,AD|GRN,1,-0.6599382113975001,0.1626626218405181,-0.8226008332380181
composition,Oligo,Braak,MEC,AD|PRKD3,1,-0.6159923071854013,-0.8798332499440438,0.26384094275864245
composition,Oligo,Braak,MEC,AD|SPDYE3,1,0.1550979682939763,0.5614125655879325,-0.40631459729395625
composition,Oligo,Braak,MEC,AD|SPPL2A,1,-0.1132002050862011,0.8222862043290692,-0.9354864094152703
composition,Oligo,Braak,MTG,AD|ABCA7,1,0.915383144843444,0.911472833214619,0.003910311628824936
composition,Oligo,Braak,MTG,AD|APH1B,1,0.1148094133945995,-0.9448256913335524,1.059635104728152
composition,Oligo,Braak,MTG,AD|COX7C,1,-0.6452786655167823,0.7516648272650036,-1.3969434927817859
composition,Oligo,Braak,MTG,AD|DOC2A,1,-0.7934784862029356,-0.9966790411687012,0.2032005549657656
composition,Oligo,Braak,MTG,AD|EPDR1,1,-0.5769379515951177,-0.1475007471308495,-0.42943720446426825
composition,Oligo,Braak,MTG,AD|GRN,1,-0.6599382113975001,-0.936808340382472,0.2768701289849719
composition,Oligo,Braak,MTG,AD|PRKD3,1,-0.6159923071854013,-0.6921405696936048,0.0761482625082035
composition,Oligo,Braak,MTG,AD|SPDYE3,1,0.1550979682939763,0.9957910806962404,-0.8406931124022642
composition,Oligo,Braak,MTG,AD|SPPL2A,1,-0.1132002050862011,0.0318132910185333,-0.1450134961047344
composition,EN,CERAD,MEC,AD|ADAM17,3,-0.009549163359483637,-0.30810683415498785,0.2985576707955042
composition,EN,CERAD,MEC,AD|APH1B,1,-0.2780240141052447,-0.9556159043580432,0.6775918902527985
composition,EN,CERAD,MEC,AD|CD2AP,1,0.2471592202729172,0.9592191100479888,-0.7120598897750716
composition,EN,CERAD,MEC,AD|CTSH,1,-0.4299492955932266,-0.2654524795401545,-0.1644968160530721
composition,EN,CERAD,MEC,AD|DOC2A,2,-0.16642063548866248,0.37880087961973974,-0.5452215151084022
composition,EN,CERAD,MEC,AD|GRN,1,-0.9400609863404058,-0.878788289078255,-0.06127269726215079
composition,EN,CERAD,MEC,AD|JAZF1,1,0.6273212412603302,-0.6473513182235986,1.2746725594839288
composition,EN,CERAD,MEC,AD|PLEKHA1,1,0.5609061849166183,0.9419292870993036,-0.3810231021826853
composition,EN,CERAD,MEC,AD|RBCK1,1,0.5471848147280388,0.9008567285618404,-0.3536719138338016
composition,EN,CERAD,MEC,AD|TNIP1,1,-0.5972780069549508,-0.9153435721989496,0.31806556524399876
composition,EN,CERAD,MEC,AD|TPCN1,1,-0.1705412289843636,-0.477422565306783,0.30688133632241943
composition,EN,CERAD,MEC,AD|TSPAN14,1,-0.8645471002939801,0.032364544869366,-0.8969116451633461
composition,EN,CERAD,MEC,AD|WDR12,3,-0.09366179670071124,-0.5033601473282304,0.4096983506275192
composition,EN,CERAD,MTG,AD|ADAM17,3,-0.009549163359483637,0.19512113316132065,-0.2046702965208043
composition,EN,CERAD,MTG,AD|APH1B,1,-0.2780240141052447,-0.0364990423672008,-0.24152497173804388
composition,EN,CERAD,MTG,AD|CD2AP,1,0.2471592202729172,0.4906633341020607,-0.2435041138291435
composition,EN,CERAD,MTG,AD|CTSH,1,-0.4299492955932266,-0.3987576791478368,-0.031191616445389814
composition,EN,CERAD,MTG,AD|DOC2A,2,-0.16642063548866248,0.003661393280537273,-0.17008202876919976
composition,EN,CERAD,MTG,AD|GRN,1,-0.9400609863404058,-0.975646627810079,0.035585641469673246
composition,EN,CERAD,MTG,AD|JAZF1,1,0.6273212412603302,0.4480273498817522,0.17929389137857799
composition,EN,CERAD,MTG,AD|PLEKHA1,1,0.5609061849166183,0.900698402942722,-0.3397922180261037
composition,EN,CERAD,MTG,AD|RBCK1,1,0.5471848147280388,-0.4621026122486087,1.0092874269766474
composition,EN,CERAD,MTG,AD|TNIP1,1,-0.5972780069549508,-0.3768204006435659,-0.2204576063113849
composition,EN,CERAD,MTG,AD|TPCN1,1,-0.1705412289843636,-0.0437606389808445,-0.1267805900035191
composition,EN,CERAD,MTG,AD|TSPAN14,1,-0.8645471002939801,-0.8617507942069009,-0.002796306087079148
composition,EN,CERAD,MTG,AD|WDR12,3,-0.09366179670071124,0.1743033774236444,-0.26796517412435567
composition,EN,Braak,MEC,AD|ADAM17,3,0.07952282420117669,-0.22617466855135862,0.3056974927525353
composition,EN,Braak,MEC,AD|APH1B,1,-0.4515079452081144,-0.9682889942263035,0.5167810490181892
composition,EN,Braak,MEC,AD|CD2AP,1,0.037507232879886,0.2739894742939683,-0.2364822414140823
composition,EN,Braak,MEC,AD|CTSH,1,0.1163117529173044,-0.4111032569649169,0.5274150098822213
composition,EN,Braak,MEC,AD|DOC2A,2,-0.242628930633781,0.0457859804092845,-0.2884149110430655
composition,EN,Braak,MEC,AD|GRN,1,-0.7102998041462882,-0.2229587422559996,-0.48734106189028864
composition,EN,Braak,MEC,AD|JAZF1,1,0.6724266170624779,0.5514367162584445,0.12098990080403338
composition,EN,Braak,MEC,AD|PLEKHA1,1,0.2579626004793339,0.7786937026069521,-0.5207311021276182
composition,EN,Braak,MEC,AD|RBCK1,1,0.3710905776802644,0.8826280132797238,-0.5115374355994595
composition,EN,Braak,MEC,AD|TNIP1,1,-0.794608910825079,-0.9763630312956264,0.1817541204705474
composition,EN,Braak,MEC,AD|TPCN1,1,-0.2807151453130662,-0.864134352582133,0.5834192072690668
composition,EN,Braak,MEC,AD|TSPAN14,1,-0.8263425073780937,-0.2067140389969682,-0.6196284683811255
composition,EN,Braak,MEC,AD|WDR12,3,-0.33023783027060344,-0.4048439348039552,0.07460610453335176
composition,EN,Braak,MTG,AD|ADAM17,3,0.07952282420117669,0.04375377040830878,0.03576905379286791
composition,EN,Braak,MTG,AD|APH1B,1,-0.4515079452081144,-0.6113640560945665,0.15985611088645207
composition,EN,Braak,MTG,AD|CD2AP,1,0.037507232879886,-0.5094019311265473,0.5469091640064333
composition,EN,Braak,MTG,AD|CTSH,1,0.1163117529173044,0.3608772696413785,-0.24456551672407412
composition,EN,Braak,MTG,AD|DOC2A,2,-0.242628930633781,-0.012355719709338187,-0.2302732109244428
composition,EN,Braak,MTG,AD|GRN,1,-0.7102998041462882,-0.7664946537417812,0.056194849595492924
composition,EN,Braak,MTG,AD|JAZF1,1,0.6724266170624779,0.8269525411129558,-0.15452592405047794
composition,EN,Braak,MTG,AD|PLEKHA1,1,0.2579626004793339,0.6802236016675076,-0.4222610011881737
composition,EN,Braak,MTG,AD|RBCK1,1,0.3710905776802644,-0.0162413075011427,0.3873318851814071
composition,EN,Braak,MTG,AD|TNIP1,1,-0.794608910825079,-0.9268675079252314,0.13225859710015242
composition,EN,Braak,MTG,AD|TPCN1,1,-0.2807151453130662,-0.0712202774967966,-0.20949486781626958
composition,EN,Braak,MTG,AD|TSPAN14,1,-0.8263425073780937,-0.769787022060923,-0.056555485317170695
composition,EN,Braak,MTG,AD|WDR12,3,-0.33023783027060344,-0.25822420972360477,-0.07201362054699867
