analysis_set,anchor_unit_id,disease,primary_gwas,locus_id,locus_label,gwas_lead_snp,source_gwas_lead_snps,source_lead_signal_ids,eligible_source_gwas_lead_snps,eligible_source_lead_signal_ids,gene_symbol,gene_id,cell_class,beta_G,SE_G,P_beta_G_positive,beta_G_sign_probability,direction_class,PP4,PP4_relaxed_max_diagnostic,coloc_join_status,mr_p_value,mr_bh_fdr,mr_nsnp,egger_intercept_p,eqtl_finemap_max_PIP,evidence_grade,grade_reason,primary_anchor_eligible,qtl_label,qtl_resolution,cell_mapping_confidence,source_qtl_labels,source_signal_count,all_signal_grades,qtl_lead_snp,complex_region,effect_interpretation,allele_reaudit_status,source_doi,gene_id_clean,beta_D,SE_D,expression_estimable,pathology_phenotype,disease_expression_resource,replication_role
primary_singlebrain_major_plus_parent_mapped_subtypes,AD|AD|ABCA7|ENSG00000064687|Oligo,AD,Bellenguez et al.,AD|ABCA7,ABCA7,rs12151021,rs12151021,AD|rs12151021,rs12151021,AD|rs12151021,ABCA7,ENSG00000064687,Oligo,0.234,0.048,0.999999455958,0.999999455958,higher_expression_higher_disease_risk,0.87,0.87,exact,1.37e-06,5.39161290323e-06,7,0.179,,G2,PP4>0.8; disease-GWAS BH-FDR<0.05; nsnp>=3; Egger intercept p>0.05; strongest auxiliary criteria incomplete,yes,OD3,subtype_parent_mapping,high_parent,OD3,1,,rs34912310,,Published TwoSampleMR IVW estimate with cell-type eQTL expression as exposure and disease GWAS as outcome,not_possible_from_public_supplementary_table_no_effect_alleles,10.1038/s41588-026-02541-x,ENSG00000064687,0.11255568521059,0.0601359535639773,True,CERAD,SEA-AD core3 donor pseudobulk,external_cohort_stage_validation_not_independent_genetic_anchor
primary_singlebrain_major_plus_parent_mapped_subtypes,AD|AD|APH1B|ENSG00000138613|Oligo,AD,Bellenguez et al.,AD|APH1B,APH1B,rs117618017,rs117618017,AD|rs117618017,rs117618017,AD|rs117618017,APH1B,ENSG00000138613,Oligo,0.346,0.062,0.999999988019,0.999999988019,higher_expression_higher_disease_risk,1.0,1.0,exact,2.98e-08,1.55367521368e-07,5,0.299,1.0,G1,PP4>=0.9; disease-GWAS BH-FDR<0.05; nsnp>=3; Egger intercept p>0.05; eQTL fine-map max PIP>=0.5,yes,OD,major_class,high_exact,OD;OD1;OD2,3,,rs117618017,,Published TwoSampleMR IVW estimate with cell-type eQTL expression as exposure and disease GWAS as outcome,not_possible_from_public_supplementary_table_no_effect_alleles,10.1038/s41588-026-02541-x,ENSG00000138613,-0.0399159552728962,0.0386738746462449,True,CERAD,SEA-AD core3 donor pseudobulk,external_cohort_stage_validation_not_independent_genetic_anchor
primary_singlebrain_major_plus_parent_mapped_subtypes,AD|AD|COX7C|ENSG00000145715|Oligo,AD,Bellenguez et al.,AD|COX7C,COX7C,rs62374257,rs62374257,AD|rs62374257,rs62374257,AD|rs62374257,RASA1,ENSG00000145715,Oligo,-0.292,0.067,6.5565578245e-06,0.999993443442,higher_expression_lower_disease_risk,0.92,0.92,exact,1.36e-05,4.55824175824e-05,3,0.83,,G2,PP4>0.8; disease-GWAS BH-FDR<0.05; nsnp>=3; Egger intercept p>0.05; strongest auxiliary criteria incomplete,yes,OD2,subtype_parent_mapping,high_parent,OD2,1,,rs62375412,,Published TwoSampleMR IVW estimate with cell-type eQTL expression as exposure and disease GWAS as outcome,not_possible_from_public_supplementary_table_no_effect_alleles,10.1038/s41588-026-02541-x,ENSG00000145715,-0.0175865803684213,0.0275455141129265,True,CERAD,SEA-AD core3 donor pseudobulk,external_cohort_stage_validation_not_independent_genetic_anchor
primary_singlebrain_major_plus_parent_mapped_subtypes,AD|AD|DOC2A|ENSG00000090238|Oligo,AD,Bellenguez et al.,AD|DOC2A,DOC2A,rs1140239,rs1140239,AD|rs1140239,rs1140239,AD|rs1140239,YPEL3,ENSG00000090238,Oligo,-0.346,0.087,3.48933964822e-05,0.999965106604,higher_expression_lower_disease_risk,0.87,0.87,exact,7.01e-05,0.000209612745098,3,0.589,,G2,PP4>0.8; disease-GWAS BH-FDR<0.05; nsnp>=3; Egger intercept p>0.05; strongest auxiliary criteria incomplete,yes,OD3,subtype_parent_mapping,high_parent,OD3,1,,rs7191849,,Published TwoSampleMR IVW estimate with cell-type eQTL expression as exposure and disease GWAS as outcome,not_possible_from_public_supplementary_table_no_effect_alleles,10.1038/s41588-026-02541-x,ENSG00000090238,0.0346462996979454,0.040076066310226,True,CERAD,SEA-AD core3 donor pseudobulk,external_cohort_stage_validation_not_independent_genetic_anchor
primary_singlebrain_major_plus_parent_mapped_subtypes,AD|AD|EPDR1|ENSG00000086289|Oligo,AD,Bellenguez et al.,AD|EPDR1,EPDR1,rs6966331,rs6966331,AD|rs6966331,rs6966331,AD|rs6966331,EPDR1,ENSG00000086289,Oligo,0.234,0.041,0.999999994261,0.999999994261,higher_expression_higher_disease_risk,0.85,0.85,exact,1.02e-08,5.76111111111e-08,4,0.833,,G2,PP4>0.8; disease-GWAS BH-FDR<0.05; nsnp>=3; Egger intercept p>0.05; strongest auxiliary criteria incomplete,yes,OD3,subtype_parent_mapping,high_parent,OD3,1,,rs2718071,,Published TwoSampleMR IVW estimate with cell-type eQTL expression as exposure and disease GWAS as outcome,not_possible_from_public_supplementary_table_no_effect_alleles,10.1038/s41588-026-02541-x,ENSG00000086289,0.01043999693767,0.0430193098250295,True,CERAD,SEA-AD core3 donor pseudobulk,external_cohort_stage_validation_not_independent_genetic_anchor
primary_singlebrain_major_plus_parent_mapped_subtypes,AD|AD|GRN|ENSG00000030582|Oligo,AD,Bellenguez et al.,AD|GRN,GRN,rs5848,rs5848,AD|rs5848,rs5848,AD|rs5848,GRN,ENSG00000030582,Oligo,-0.235,0.055,9.65482883891e-06,0.999990345171,higher_expression_lower_disease_risk,1.0,1.0,exact,1.81e-05,5.90427807487e-05,4,0.457,,G2,PP4>0.8; disease-GWAS BH-FDR<0.05; nsnp>=3; Egger intercept p>0.05; strongest auxiliary criteria incomplete,yes,OD2,subtype_parent_mapping,high_parent,OD2;OD3,2,,rs5848,,Published TwoSampleMR IVW estimate with cell-type eQTL expression as exposure and disease GWAS as outcome,not_possible_from_public_supplementary_table_no_effect_alleles,10.1038/s41588-026-02541-x,ENSG00000030582,-0.0044325139440028,0.0361175150241448,True,CERAD,SEA-AD core3 donor pseudobulk,external_cohort_stage_validation_not_independent_genetic_anchor
primary_singlebrain_major_plus_parent_mapped_subtypes,AD|AD|PRKD3|ENSG00000218739|Oligo,AD,Bellenguez et al.,AD|PRKD3,PRKD3,rs17020490,rs17020490,AD|rs17020490,rs17020490,AD|rs17020490,CEBPZOS,ENSG00000218739,Oligo,-0.074,0.02,0.000107799733477,0.999892200267,higher_expression_lower_disease_risk,0.84,0.84,exact,0.000293,0.000760553191489,6,0.175,,G2,PP4>0.8; disease-GWAS BH-FDR<0.05; nsnp>=3; Egger intercept p>0.05; strongest auxiliary criteria incomplete,yes,OD2,subtype_parent_mapping,high_parent,OD2,1,,rs11695271,,Published TwoSampleMR IVW estimate with cell-type eQTL expression as exposure and disease GWAS as outcome,not_possible_from_public_supplementary_table_no_effect_alleles,10.1038/s41588-026-02541-x,ENSG00000218739,0.0384164877187156,0.0254512975579697,True,CERAD,SEA-AD core3 donor pseudobulk,external_cohort_stage_validation_not_independent_genetic_anchor
primary_singlebrain_major_plus_parent_mapped_subtypes,AD|AD|SPDYE3|ENSG00000066923|Oligo,AD,Bellenguez et al.,AD|SPDYE3,SPDYE3,rs7384878,rs7384878,AD|rs7384878,rs7384878,AD|rs7384878,STAG3,ENSG00000066923,Oligo,-0.261,0.04,3.40007466626e-11,0.999999999966,higher_expression_lower_disease_risk,0.98,0.98,exact,6.18e-11,4.54192771084e-10,7,0.126,1.0,G1,PP4>=0.9; disease-GWAS BH-FDR<0.05; nsnp>=3; Egger intercept p>0.05; eQTL fine-map max PIP>=0.5,yes,OD,major_class,high_exact,OD,1,,rs2272344,,Published TwoSampleMR IVW estimate with cell-type eQTL expression as exposure and disease GWAS as outcome,not_possible_from_public_supplementary_table_no_effect_alleles,10.1038/s41588-026-02541-x,ENSG00000066923,-0.205899817700413,0.0869535248679759,True,CERAD,SEA-AD core3 donor pseudobulk,external_cohort_stage_validation_not_independent_genetic_anchor
primary_singlebrain_major_plus_parent_mapped_subtypes,AD|AD|SPPL2A|ENSG00000138600|Oligo,AD,Bellenguez et al.,AD|SPPL2A,SPPL2A,rs8025980,rs8025980,AD|rs8025980,rs8025980,AD|rs8025980,SPPL2A,ENSG00000138600,Oligo,0.147,0.04,0.999881075293,0.999881075293,higher_expression_higher_disease_risk,0.92,0.92,exact,0.000207,0.000553815789474,3,0.144,,G2,PP4>0.8; disease-GWAS BH-FDR<0.05; nsnp>=3; Egger intercept p>0.05; strongest auxiliary criteria incomplete,yes,OD3,subtype_parent_mapping,high_parent,OD3,1,,rs12438326,,Published TwoSampleMR IVW estimate with cell-type eQTL expression as exposure and disease GWAS as outcome,not_possible_from_public_supplementary_table_no_effect_alleles,10.1038/s41588-026-02541-x,ENSG00000138600,0.0015062311853308,0.0283221976625631,True,CERAD,SEA-AD core3 donor pseudobulk,external_cohort_stage_validation_not_independent_genetic_anchor
